EventID,Multiplicity,Hits_Board1,Hits_Board2,Mean_ADC
8,0,[],[],0
15,1,[],[59],7370.0
17,3,[2],"[58, 59]",8149.666666666667
25,1,[2],[],8133.0
26,0,[],[],0
28,2,[20],[10],8191.0
32,1,[32],[],8149.0
33,2,[],"[16, 42]",6835.0
38,0,[],[],0
45,1,[],[34],5618.0
54,2,[],"[10, 11]",6894.0
62,4,"[11, 26, 62]",[2],7089.75
72,3,"[0, 23]",[37],7513.666666666667
91,1,[1],[],8157.0
95,1,[19],[],8108.0
99,1,[],[28],5959.0
101,2,[],"[30, 31]",8169.0
104,1,[9],[],8191.0
122,2,[5],[42],8175.5
165,0,[],[],0
179,4,"[9, 12, 18]",[20],7164.75
184,3,[22],"[30, 60]",7304.333333333333
188,1,[],[61],6141.0
197,1,[],[26],7560.0
240,2,[],"[49, 52]",6897.5
242,3,[62],"[29, 45]",7437.0
249,1,[36],[],8179.0
255,5,[0],"[55, 56, 57, 58]",8042.0
256,5,"[34, 36, 46, 47]",[41],7384.2
260,4,[],"[36, 40, 41, 42]",7787.0
261,2,[4],[38],7334.0
263,3,[45],"[50, 56]",7925.333333333333
270,5,[10],"[39, 41, 42, 54]",7338.6
279,1,[9],[],8191.0
304,4,[10],"[0, 20, 23]",6797.0
306,1,[43],[],6778.0
314,1,[30],[],8049.0
315,3,[3],"[9, 14]",7712.333333333333
323,4,[14],"[6, 24, 26]",8157.5
327,3,[9],"[24, 47]",6999.0
338,3,[0],"[18, 19]",8185.333333333333
345,1,[36],[],8179.0
347,1,[0],[],8191.0
356,2,[37],[13],6464.0
358,1,[18],[],8168.0
360,3,"[22, 57]",[27],6121.333333333333
367,0,[],[],0
376,0,[],[],0
389,2,[39],[28],7494.0
393,1,[8],[],8191.0
396,3,"[9, 50]",[17],7389.333333333333
399,0,[],[],0
412,0,[],[],0
426,3,[28],"[28, 35]",8033.666666666667
428,1,[12],[],8173.0
439,0,[],[],0
447,0,[],[],0
460,4,"[54, 55, 57]",[60],7874.0
463,0,[],[],0
473,1,[2],[],7848.0
475,3,[],"[1, 9, 11]",7727.333333333333
478,1,[63],[],8191.0
486,5,"[5, 8, 22, 23]",[5],7302.4
492,2,[63],[41],8169.0
494,2,[],"[16, 17]",8150.5
500,1,[],[10],7782.0
502,2,[30],[30],7409.0
514,6,"[0, 1, 2, 3, 8]",[60],7832.166666666667
534,0,[],[],0
536,1,[14],[],8148.0
539,1,[4],[],8158.0
541,2,[30],[40],8107.0
546,2,[],"[43, 44]",7951.0
555,3,[],"[41, 43, 45]",7268.666666666667
557,3,[0],"[8, 9]",8172.333333333333
590,2,[34],[15],8164.5
607,2,[21],[19],5904.0
625,1,[33],[],8157.0
632,5,[2],"[19, 22, 25, 26]",7535.4
634,6,[39],"[0, 1, 38, 39, 40]",6737.833333333333
636,1,[],[60],6694.0
656,0,[],[],0
678,3,[7],"[0, 13]",7105.333333333333
681,2,[0],[4],8139.0
683,1,[],[49],7570.0
690,1,[10],[],8169.0
706,1,[],[52],8052.0
708,0,[],[],0
711,2,[13],[22],8150.0
722,1,[12],[],8173.0
740,3,[0],"[22, 28]",7702.666666666667
765,2,[5],[11],7237.5
767,3,"[5, 9]",[52],7326.666666666667
774,2,[12],[53],7080.0
792,1,[33],[],6834.0
793,2,[],"[27, 32]",7078.5
796,2,[],"[38, 41]",7236.5
813,2,[17],[4],7990.5
833,3,"[7, 11]",[22],7080.333333333333
838,3,[6],"[5, 6]",7541.0
860,2,[],"[5, 6]",8152.5
866,0,[],[],0
879,4,[],"[8, 9, 10, 25]",7996.5
882,2,[6],[43],7143.0
883,3,"[7, 63]",[31],7387.333333333333
884,1,[45],[],6281.0
885,1,[16],[],8150.0
889,2,[8],[49],6914.0
894,3,[],"[21, 22, 23]",7460.0
900,1,[26],[],7684.0
903,1,[0],[],8191.0
905,5,"[9, 10, 11, 59]",[16],6736.2
908,3,"[59, 60]",[13],8168.666666666667
918,1,[19],[],8108.0
922,3,[],"[54, 55, 63]",7295.666666666667
931,1,[2],[],8133.0
932,1,[1],[],7136.0
957,2,[5],[11],7995.5
959,1,[],[8],5705.0
969,3,[7],"[23, 30]",7712.0
982,3,[],"[8, 25, 33]",6634.0
991,3,[6],"[21, 22]",7196.666666666667
994,3,[3],"[28, 29]",8064.0
1000,2,[30],[59],7239.5
1001,0,[],[],0
1006,2,[47],[12],8134.0
1010,5,"[2, 3, 58, 59]",[37],7061.8
1013,3,"[1, 2]",[4],7122.333333333333
1021,2,[19],[52],6755.5
1024,2,[],"[9, 10]",8183.5
1033,2,[8],[23],6893.5
1047,2,[35],[16],7598.5
1080,2,[11],[12],7524.0
1092,1,[25],[],7903.0
1104,3,[],"[36, 54, 55]",8140.333333333333
1127,0,[],[],0
1134,4,"[10, 14, 35]",[20],7439.0
1148,6,"[1, 3, 4, 5, 6]",[19],8168.5
1151,0,[],[],0
1152,0,[],[],0
1153,1,[8],[],7465.0
1157,2,[3],[15],7258.0
1163,2,[58],[44],8146.0
1166,1,[22],[],6082.0
1171,0,[],[],0
1189,2,[11],[38],8171.5
1192,2,[24],[16],8150.5
1208,1,[25],[],8171.0
1231,1,[45],[],8173.0
1239,4,[],"[23, 37, 38, 39]",7300.5
1241,0,[],[],0
1244,5,"[12, 13, 34, 36]",[35],7749.2
1250,2,[0],[32],7112.5
1257,4,"[1, 2, 4]",[30],7486.5
1260,2,[15],[10],7997.5
1269,1,[2],[],5906.0
1282,1,[],[15],6726.0
1283,4,[8],"[21, 41, 42]",7581.0
1286,2,[],"[31, 32]",8163.0
1290,2,[1],[52],7582.5
1292,4,[],"[12, 37, 50, 51]",7871.75
1293,1,[31],[],8130.0
1299,0,[],[],0
1303,2,[63],[28],7505.0
1309,2,[52],[27],6683.5
1310,2,[27],[9],7771.5
1316,2,[23],[60],5906.5
1321,2,[4],[23],7498.0
1324,3,[],"[42, 43, 54]",7855.333333333333
1329,0,[],[],0
1331,1,[24],[],6994.0
1373,1,[10],[],8024.0
1376,1,[],[44],6644.0
1377,1,[11],[],8191.0
1384,3,"[33, 34]",[22],7426.666666666667
1385,0,[],[],0
1398,3,[24],"[22, 23]",7052.666666666667
1413,3,"[19, 20]",[39],6131.666666666667
1415,2,[],"[57, 58]",6546.5
1422,1,[],[54],5968.0
1423,4,[],"[45, 46, 49, 50]",7285.25
1436,0,[],[],0
1440,1,[28],[],8188.0
1453,4,[6],"[26, 54, 55]",6762.75
1459,3,[1],"[8, 9]",8161.0
1460,3,[32],"[52, 57]",8150.333333333333
1465,0,[],[],0
1476,6,[18],"[36, 37, 42, 43, 45]",7342.333333333333
1477,3,[],"[15, 22, 36]",7442.333333333333
1478,2,[39],[17],7602.5
1482,3,[7],"[58, 59]",8048.0
1488,2,[2],[0],7781.0
1489,3,"[61, 63]",[11],6277.0
1496,3,"[6, 61]",[33],8123.0
1499,3,"[17, 29]",[31],7958.333333333333
1502,3,[4],"[27, 30]",7793.0
1503,2,[],"[33, 34]",7999.0
1515,2,[8],[14],8191.0
1518,4,"[29, 30, 42]",[17],7130.0
1527,3,[10],"[17, 21]",7646.0
1531,5,"[24, 28, 45, 46]",[45],7755.2
1533,1,[],[19],6737.0
1537,3,[],"[52, 53, 58]",7622.0
1545,1,[32],[],8149.0
1547,0,[],[],0
1548,3,[2],"[50, 58]",6761.666666666667
1553,2,[],"[54, 56]",7413.5
1561,3,[2],"[51, 52]",8161.666666666667
1563,1,[38],[],8185.0
1564,2,[9],[50],6908.0
1572,2,[3],[36],7299.5
1574,1,[28],[],8188.0
1577,4,[63],"[42, 43, 53]",7851.25
1580,2,[23],[8],6987.5
1590,2,[],"[11, 12]",7000.5
1592,6,"[5, 14, 53, 61, 63]",[15],7406.166666666667
1619,2,[13],[50],8120.5
1621,2,[4],[46],7046.0
1644,3,[],"[12, 13, 14]",7456.0
1647,1,[11],[],8191.0
1656,0,[],[],0
1658,1,[54],[],7505.0
1668,1,[4],[],8158.0
1680,3,[2],"[30, 47]",7524.333333333333
1681,3,"[2, 10]",[39],6738.0
1686,3,[23],"[54, 55]",6527.666666666667
1690,5,[0],"[49, 50, 51, 57]",7809.6
1702,2,[],"[22, 63]",7051.5
1703,2,[10],[21],7628.0
1707,1,[46],[],8167.0
1717,2,[21],[20],7688.0
1736,7,"[28, 54, 55, 58, 59, 62]",[36],8057.571428571428
1738,0,[],[],0
1759,1,[62],[],7855.0
1772,1,[],[32],7235.0
1790,1,[],[14],7568.0
1802,2,[26],[25],7410.5
1810,2,[17],[30],7326.0
1813,2,[40],[5],7107.5
1815,3,[],"[52, 53, 54]",7460.666666666667
1816,0,[],[],0
1825,1,[32],[],8149.0
1828,3,"[10, 36]",[19],7443.0
1838,2,[37],[25],6890.0
1840,0,[],[],0
1842,2,[38],[9],7763.0
1855,3,[],"[41, 42, 45]",7974.333333333333
1862,2,[11],[33],8177.5
1877,2,[4],[9],8167.0
1883,1,[15],[],8126.0
1889,0,[],[],0
1900,3,"[10, 35]",[15],8105.0
1906,1,[],[15],7299.0
1912,2,[13],[11],6829.5
1914,1,[57],[],7410.0
1922,3,"[5, 6]",[34],7088.666666666667
1940,4,[],"[23, 25, 32, 33]",7035.0
1954,2,[13],[39],7872.5
1965,0,[],[],0
1967,0,[],[],0
1973,0,[],[],0
1981,4,"[44, 45, 49]",[17],7321.75
1991,4,"[1, 9, 12]",[16],7564.5
1992,3,"[0, 20]",[14],7495.333333333333
1999,2,[],"[55, 56]",7371.0
2008,0,[],[],0
2032,3,[],"[36, 42, 43]",8162.666666666667
2054,0,[],[],0
2057,3,[],"[27, 52, 55]",7446.0
2060,3,"[1, 2]",[44],8140.666666666667
2071,0,[],[],0
2072,2,[32],[16],6735.5
2080,3,[],"[47, 48, 49]",7239.333333333333
2097,3,[23],"[35, 59]",8159.666666666667
2101,1,[],[56],7239.0
2124,1,[],[51],6816.0
2129,1,[6],[],7839.0
2132,1,[1],[],7130.0
2133,4,"[29, 30, 59]",[30],7298.5
2136,0,[],[],0
2139,1,[0],[],8191.0
2142,2,[28],[63],7906.5
2154,1,[11],[],8191.0
2159,1,[],[54],8126.0
2166,2,[28],[3],8159.0
2181,3,"[33, 42]",[17],7305.333333333333
2188,2,[11],[14],6593.0
2197,1,[8],[],8191.0
2198,6,[15],"[45, 51, 52, 53, 60]",7442.166666666667
2199,2,[22],[13],8157.5
2201,5,[],"[31, 32, 33, 34, 37]",7866.4
2218,2,[62],[45],6825.5
2221,2,[8],[53],6450.0
2223,3,[21],"[53, 54]",6626.666666666667
2239,4,"[12, 14, 19]",[25],8148.0
2242,1,[5],[],7998.0
2243,0,[],[],0
2246,1,[10],[],7930.0
2247,3,[],"[41, 43, 46]",7345.333333333333
2249,5,[],"[34, 35, 36, 39, 53]",7798.8
2251,3,[],"[51, 52, 55]",6805.0
2255,2,[23],[4],7503.5
2259,1,[7],[],8191.0
2261,1,[],[22],8171.0
2265,1,[9],[],6244.0
2273,1,[],[59],7109.0
2274,0,[],[],0
2288,3,[],"[16, 17, 18]",7753.0
2290,2,[32],[17],7666.0
2291,3,[],"[47, 48, 49]",7536.0
2316,1,[7],[],6544.0
2320,3,[16],"[50, 51]",7567.0
2321,3,[],"[3, 4, 5]",6642.333333333333
2328,1,[],[26],8156.0
2329,2,[],"[48, 49]",8191.0
2335,1,[],[56],7467.0
2338,0,[],[],0
2347,3,[8],"[46, 51]",8100.333333333333
2391,1,[],[29],8148.0
2396,3,[15],"[44, 54]",7988.0
2399,2,[0],[35],8167.0
2403,3,[2],"[9, 18]",7578.333333333333
2415,2,[37],[25],6406.5
2425,0,[],[],0
2440,5,"[1, 2, 3, 18]",[61],7331.4
2458,3,"[6, 8]",[13],8178.666666666667
2462,0,[],[],0
2475,2,[42],[0],8147.5
2494,1,[7],[],7284.0
2504,1,[],[34],6044.0
2526,0,[],[],0
2527,4,[4],"[37, 48, 60]",6687.75
2531,2,[7],[47],6732.0
2539,1,[3],[],8153.0
2545,3,"[23, 24]",[19],7942.333333333333
2550,2,[],"[45, 51]",7095.0
2563,1,[49],[],7010.0
2575,1,[10],[],8169.0
2578,5,[25],"[30, 31, 32, 39]",7480.0
2579,3,[20],"[36, 56]",8157.666666666667
2593,3,"[5, 26]",[12],7809.666666666667
2595,4,"[7, 22, 35]",[39],7312.25
2596,2,[6],[15],8150.5
2601,1,[16],[],8150.0
2612,1,[],[11],7849.0
2619,7,[5],"[20, 21, 22, 32, 33, 34]",7932.714285714285
2621,1,[],[45],5826.0
2629,1,[10],[],8169.0
2631,8,[],"[11, 12, 13, 14, 20, 37, 40, 41]",7539.875
2644,0,[],[],0
2646,3,[17],"[22, 23]",7220.0
2647,4,"[23, 50, 51]",[28],7248.0
2664,0,[],[],0
2668,0,[],[],0
2669,3,"[14, 22]",[8],6994.333333333333
2675,1,[],[44],6129.0
2678,1,[],[21],7835.0
2706,1,[],[31],7282.0
2722,2,[10],[51],6959.0
2737,2,[8],[11],7848.5
2754,1,[2],[],7886.0
2755,1,[19],[],8108.0
2765,4,"[5, 9, 10]",[24],7052.5
2767,2,[33],[8],7840.0
2776,3,[14],"[13, 32]",7004.333333333333
2778,0,[],[],0
2781,3,"[10, 11]",[25],7712.666666666667
2786,3,[32],"[35, 59]",7120.333333333333
2790,2,[27],[13],7117.0
2802,0,[],[],0
2809,3,[10],"[12, 13]",8152.333333333333
2821,2,[36],[49],7115.0
2829,3,[],"[28, 29, 32]",6925.333333333333
2830,3,[14],"[41, 44]",7325.0
2847,0,[],[],0
2850,2,[],"[54, 60]",7991.5
2866,2,[2],[29],7925.0
2878,4,"[15, 16, 17]",[55],7142.25
2880,0,[],[],0
2881,2,[],"[31, 48]",8169.0
2891,3,[],"[36, 40, 41]",6440.666666666667
2902,3,[7],"[38, 39]",8164.0
2909,4,"[3, 4, 9]",[57],7521.25
2916,2,[0],[27],7896.0
2923,3,[51],"[5, 41]",7301.0
2932,3,[],"[52, 53, 54]",6700.333333333333
2937,2,[11],[18],7240.5
2956,1,[14],[],7963.0
2965,0,[],[],0
2972,0,[],[],0
2974,0,[],[],0
2977,4,[5],"[26, 45, 48]",7393.25
2996,1,[],[38],6791.0
3002,2,[3],[10],7309.0
3013,1,[],[59],8150.0
3015,3,[11],"[6, 54]",7817.666666666667
3028,1,[],[19],8171.0
3030,2,[3],[51],7845.5
3032,2,[3],[52],6787.5
3039,0,[],[],0
3045,2,[],"[16, 18]",8150.5
3049,3,[2],"[15, 62]",8027.666666666667
3057,4,[0],"[28, 29, 55]",7681.75
3089,2,[57],[58],8132.5
3092,2,[2],[52],7873.0
3095,2,[10],[21],8167.0
3102,1,[28],[],8188.0
3109,0,[],[],0
3116,0,[],[],0
3128,2,[0],[7],7040.0
3137,1,[59],[],7665.0
3143,0,[],[],0
3146,3,[],"[43, 44, 45]",8151.333333333333
3148,3,[],"[22, 23, 24]",7548.0
3154,1,[12],[],8173.0
3157,2,[],"[48, 51]",6105.5
3158,2,[],"[40, 41]",8156.0
3160,1,[],[20],8154.0
3177,2,[2],[14],6424.5
3179,2,[8],[60],6878.0
3186,4,"[25, 30, 46]",[21],6571.25
3211,3,"[15, 18]",[22],8140.333333333333
3216,0,[],[],0
3218,0,[],[],0
3220,2,[],"[43, 57]",7206.5
3222,2,[61],[43],7860.0
3230,2,[41],[22],7571.0
3278,1,[24],[],8191.0
3299,4,[0],"[50, 52, 53]",7258.25
3308,4,[],"[26, 28, 29, 30]",7584.5
3311,2,[8],[54],6963.5
3323,1,[],[3],5661.0
3347,2,[3],[19],8163.5
3350,1,[24],[],8191.0
3352,3,[2],"[61, 62]",8149.333333333333
3357,4,[0],"[41, 43, 44]",7718.5
3359,1,[],[3],5753.0
3362,3,[],"[60, 62, 63]",8063.333333333333
3366,2,[17],[25],6893.0
3369,2,[],"[30, 38]",8171.5
3372,1,[25],[],7741.0
3378,3,"[17, 35]",[41],8006.333333333333
3381,1,[6],[],6923.0
3386,0,[],[],0
3393,3,"[1, 12]",[42],8163.333333333333
3396,3,"[20, 21]",[3],6817.666666666667
3402,4,"[11, 12, 36]",[22],7241.75
3404,2,[25],[19],5754.5
3405,2,[0],[37],7850.0
3425,1,[],[14],8191.0
3438,1,[14],[],7694.0
3445,2,[8],[19],7128.5
3454,3,"[23, 24]",[4],6244.333333333333
3462,0,[],[],0
3471,0,[],[],0
3472,2,[59],[4],7438.0
3473,1,[],[61],8145.0
3475,2,[2],[43],7466.5
3483,3,"[0, 1]",[48],8179.666666666667
3486,1,[],[29],6449.0
3501,4,[1],"[41, 47, 54]",7859.25
3512,0,[],[],0
3540,1,[8],[],8191.0
3542,3,"[0, 2]",[50],8044.333333333333
3543,2,[9],[32],7144.5
3544,0,[],[],0
3548,0,[],[],0
3552,2,[28],[54],7783.5
3559,2,[],"[4, 11]",8139.0
3561,1,[],[50],7685.0
3564,2,[17],[55],8147.0
3565,2,[30],[59],8099.5
3572,3,"[12, 39]",[14],7425.666666666667
3573,2,[5],[9],7379.5
3589,3,[],"[60, 61, 62]",7674.666666666667
3595,3,"[0, 1]",[9],8174.666666666667
3600,3,[15],"[29, 46]",7376.333333333333
3609,5,[],"[21, 24, 37, 42, 43]",7313.6
3610,1,[26],[],6876.0
3613,4,[24],"[23, 27, 34]",7809.25
3627,1,[18],[],7495.0
3635,3,[3],"[12, 25]",7246.666666666667
3636,0,[],[],0
3640,3,[],"[43, 44, 46]",8153.0
3647,0,[],[],0
3652,3,[],"[40, 41, 55]",7380.333333333333
3654,0,[],[],0
3678,3,"[20, 22]",[13],7485.0
3681,4,"[13, 29, 60]",[15],7807.25
3689,0,[],[],0
3691,0,[],[],0
3705,0,[],[],0
3706,1,[20],[],7538.0
3708,1,[],[44],8132.0
3735,1,[3],[],8153.0
3759,2,[],"[44, 49]",6884.5
3760,1,[0],[],8191.0
3766,2,[9],[13],7350.5
3781,0,[],[],0
3786,2,[34],[30],7307.0
3793,3,[],"[42, 43, 44]",7811.0
3795,1,[],[52],6869.0
3819,2,[40],[8],8170.5
3822,0,[],[],0
3842,4,[0],"[59, 60, 61]",7987.5
3843,0,[],[],0
3846,3,"[1, 29]",[19],8154.333333333333
3849,2,[31],[37],8142.0
3851,0,[],[],0
3864,5,[30],"[54, 57, 58, 59]",6510.6
3868,2,[],"[12, 13]",7563.0
3874,0,[],[],0
3881,1,[39],[],8171.0
3886,3,"[3, 4]",[10],7629.333333333333
3895,4,"[21, 22, 34]",[28],7636.75
3896,2,[6],[8],6461.5
3899,3,[1],"[36, 38]",7610.333333333333
3903,1,[3],[],7635.0
3906,2,[],"[43, 44]",8161.5
3934,0,[],[],0
3950,3,[],"[29, 62, 63]",7997.666666666667
3958,2,[19],[17],7227.0
3963,3,[],"[46, 47, 52]",6002.0
3965,3,[5],"[5, 14]",7667.333333333333
3966,0,[],[],0
3968,4,[13],"[35, 36, 37]",7971.75
3979,3,"[10, 26]",[11],6851.333333333333
3984,3,"[1, 2]",[6],6993.333333333333
3990,2,[40],[16],6252.0
3991,2,[34],[36],8139.0
3995,8,[10],"[40, 41, 42, 43, 44, 49, 52]",7684.75
4002,7,[],"[31, 32, 33, 34, 35, 36, 49]",7468.714285714285
4016,2,[],"[16, 18]",7443.5
4053,3,[1],"[19, 21]",6695.666666666667
4058,0,[],[],0
4060,2,[38],[42],7492.0
4064,5,[10],"[5, 41, 42, 57]",6507.0
4071,3,[0],"[21, 22]",7910.333333333333
4088,2,[27],[7],6877.5
4091,3,[7],"[20, 43]",7334.666666666667
4096,4,[27],"[47, 48, 50]",7583.0
4114,2,[0],[51],7362.0
4115,5,"[5, 7, 9, 26]",[28],7692.8
4122,2,[],"[38, 39]",8149.5
4126,3,"[10, 13]",[4],8086.0
4128,1,[8],[],8191.0
4137,3,[3],"[50, 53]",7292.333333333333
4149,3,[],"[58, 59, 63]",7008.0
4154,3,[],"[50, 53, 56]",8125.0
4161,1,[],[63],8191.0
4162,1,[],[8],5929.0
4177,2,[8],[38],6882.5
4207,2,[],"[12, 17]",7388.0
4208,1,[28],[],8188.0
4219,2,[34],[15],7454.5
4221,2,[8],[7],7435.0
4233,1,[],[44],7111.0
4245,2,[],"[41, 48]",7114.5
4246,1,[28],[],8188.0
4249,3,[4],"[46, 53]",8107.333333333333
4253,2,[],"[44, 45]",8131.5
4287,2,[],"[35, 37]",8148.5
4295,2,[11],[29],6941.0
4306,6,"[30, 31, 32, 33, 34]",[14],7660.833333333333
4316,2,[],"[22, 23]",8146.5
4318,2,[11],[16],8150.5
4320,4,[0],"[31, 32, 59]",7109.75
4332,2,[1],[11],6954.5
4334,2,[],"[27, 28]",8153.5
4349,3,"[10, 11]",[57],7529.0
4355,1,[],[58],7212.0
4358,6,"[25, 26, 27, 32, 33]",[54],6987.166666666667
4370,2,[7],[19],8041.0
4378,2,[21],[51],8177.5
4380,1,[5],[],8030.0
4383,3,[],"[17, 20, 21]",6914.333333333333
4385,1,[],[26],6419.0
4389,2,[23],[20],7904.5
4393,0,[],[],0
4395,2,[9],[48],6920.0
4397,0,[],[],0
4398,2,[57],[18],7551.0
4400,0,[],[],0
4410,2,[28],[13],7292.5
4418,1,[3],[],8153.0
4421,1,[],[4],8087.0
4424,1,[16],[],7322.0
4432,1,[8],[],5662.0
4438,3,"[2, 9]",[14],7453.333333333333
4442,2,[24],[24],6557.5
4451,2,[10],[36],7675.5
4461,2,[4],[42],7564.0
4474,4,[],"[9, 11, 18, 19]",6851.0
4481,3,"[1, 4]",[44],7673.666666666667
4485,3,"[9, 59]",[59],7200.333333333333
4497,5,[0],"[33, 39, 55, 56]",7659.4
4513,0,[],[],0
4519,10,[6],"[15, 18, 19, 20, 21, 22, 26, 30, 57]",7276.0
4527,0,[],[],0
4528,0,[],[],0
4531,6,[10],"[20, 23, 24, 37, 48]",7406.5
4532,3,"[2, 32]",[6],7276.333333333333
4533,3,[],"[25, 26, 27]",7761.333333333333
4534,2,[],"[33, 41]",7859.5
4535,2,[3],[29],7340.0
4554,1,[19],[],7441.0
4588,2,[63],[59],7858.0
4590,3,[1],"[8, 9]",8161.0
4595,3,[4],"[37, 39]",7683.333333333333
4597,2,[6],[8],7520.0
4610,1,[],[26],7721.0
4613,4,[],"[23, 24, 25, 26]",6939.75
4618,3,"[38, 61]",[26],7647.0
4622,1,[],[50],6358.0
4631,0,[],[],0
4639,1,[49],[],8183.0
4642,4,"[20, 21, 61]",[11],7413.75
4646,3,[],"[50, 51, 52]",8137.0
4656,0,[],[],0
4665,2,[0],[8],7245.0
4675,2,[4],[15],7418.5
4678,2,[59],[59],6704.0
4684,3,[5],"[8, 9]",7878.0
4704,1,[18],[],6316.0
4706,3,[1],"[43, 44]",7870.333333333333
4714,6,[],"[33, 34, 37, 38, 42, 43]",8168.166666666667
4720,1,[0],[],8191.0
4727,1,[],[39],6760.0
4730,2,[9],[28],7931.5
4737,4,[],"[23, 41, 42, 43]",8155.0
4739,0,[],[],0
4740,1,[8],[],8191.0
4742,2,[24],[38],7957.5
4745,3,"[2, 12]",[10],7392.666666666667
4753,0,[],[],0
4762,2,[],"[42, 55]",7338.5
4785,2,[],"[8, 9]",8163.0
4789,2,[60],[2],8187.0
4794,1,[12],[],8173.0
4795,4,"[17, 57, 58]",[35],7113.0
4807,3,"[17, 56]",[15],6017.333333333333
4814,2,[],"[22, 25]",8167.0
4828,1,[],[47],8167.0
4829,3,"[14, 42]",[39],7439.333333333333
4833,3,[0],"[38, 48]",6995.666666666667
4837,2,[2],[39],8141.0
4838,3,"[35, 36]",[26],7291.333333333333
4842,1,[56],[],7200.0
4845,0,[],[],0
4871,0,[],[],0
4886,0,[],[],0
4889,1,[11],[],8191.0
4892,1,[],[62],8170.0
4896,3,[34],"[29, 30]",7087.666666666667
4897,4,[3],"[14, 39, 63]",6638.25
4903,6,[24],"[31, 41, 42, 54, 55]",7483.0
4904,3,"[7, 11]",[40],7525.333333333333
4906,0,[],[],0
4907,3,"[29, 46]",[8],7398.333333333333
4917,2,[7],[31],7045.5
4924,1,[],[61],8145.0
4927,4,"[0, 3, 4]",[57],7023.25
4936,1,[],[10],7871.0
4944,0,[],[],0
4945,2,[19],[6],7586.5
4956,0,[],[],0
4961,2,[],"[40, 52]",8153.5
4967,2,[44],[62],7441.0
4970,2,[56],[58],7594.0
4974,4,[0],"[16, 17, 18]",7594.75
4980,1,[22],[],6764.0
4982,2,[11],[39],8170.0
4983,4,[0],"[11, 12, 34]",8172.75
4984,1,[7],[],7820.0
4985,2,[],"[6, 14]",7007.0
4992,2,[28],[21],7730.0
4994,1,[],[35],6737.0
5000,3,"[5, 6]",[4],5836.333333333333
5005,2,[11],[12],6618.5
5006,3,"[1, 2]",[33],7476.666666666667
5016,3,[21],"[59, 60]",6091.666666666667
5021,2,[7],[9],7599.5
5052,3,[],"[19, 20, 23]",7227.666666666667
5058,1,[],[30],6445.0
5062,1,[],[35],7032.0
5071,1,[],[54],7159.0
5072,2,[4],[48],7385.5
5077,1,[],[14],8191.0
5088,0,[],[],0
5091,5,[8],"[48, 49, 50, 51]",7030.4
5105,4,[7],"[4, 5, 16]",7058.0
5110,1,[49],[],8183.0
5111,2,[56],[63],8116.0
5123,2,[33],[43],8114.0
5130,1,[17],[],7972.0
5144,2,[24],[15],7564.0
5156,2,[32],[33],6405.5
5161,1,[24],[],8191.0
5174,3,"[30, 39]",[2],7142.666666666667
5175,3,"[2, 15]",[36],7272.666666666667
5176,2,[26],[18],8177.5
5191,4,"[12, 15, 21]",[33],7299.25
5201,2,[3],[9],7574.0
5204,3,"[1, 9]",[8],7635.0
5212,2,[5],[59],7971.0
5228,2,[7],[15],7554.5
5230,0,[],[],0
5235,2,[7],[1],8146.0
5241,5,[6],"[38, 52, 53, 55]",8149.8
5257,2,[9],[6],8181.0
5268,0,[],[],0
5270,1,[],[53],8118.0
5279,0,[],[],0
5287,0,[],[],0
5291,1,[4],[],6641.0
5299,1,[],[51],6208.0
5302,2,[40],[30],7695.5
5306,3,[16],"[17, 48]",7040.333333333333
5307,1,[10],[],8169.0
5308,3,[19],"[52, 60]",7465.333333333333
5332,1,[15],[],8126.0
5335,1,[5],[],5817.0
5336,4,[2],"[43, 48, 56]",7543.25
5337,1,[27],[],8145.0
5355,14,"[3, 5, 6, 15, 19, 25, 26, 27, 33, 34, 35, 39, 55]",[0],6909.571428571428
5365,1,[1],[],8157.0
5366,0,[],[],0
5375,2,[16],[25],7035.5
5379,2,[0],[60],7773.5
5380,1,[],[12],7756.0
5383,2,[],"[26, 43]",8173.5
5384,2,[52],[20],5918.0
5393,3,[44],"[6, 48]",7176.0
5395,1,[],[39],7319.0
5400,0,[],[],0
5404,1,[36],[],7032.0
5416,5,[1],"[12, 28, 29, 32]",7999.4
5418,1,[],[60],7992.0
5434,1,[1],[],8157.0
5448,4,"[8, 13, 20]",[26],7321.25
5453,4,"[4, 48, 49]",[46],7431.0
5458,1,[1],[],8157.0
5466,3,"[26, 36]",[0],6732.666666666667
5467,2,[37],[12],7007.0
5476,2,[30],[33],7239.5
5489,3,[50],"[32, 33]",7329.666666666667
5493,5,[],"[40, 42, 43, 44, 45]",8155.8
5495,1,[],[21],8165.0
5510,0,[],[],0
5512,0,[],[],0
5513,3,[1],"[9, 13]",6788.0
5536,3,"[34, 35]",[13],8160.666666666667
5541,0,[],[],0
5543,3,[62],"[61, 62]",8147.333333333333
5544,3,"[31, 34]",[59],8140.333333333333
5554,5,[],"[35, 36, 38, 39, 41]",7253.2
5555,2,[22],[1],6950.5
5560,2,[26],[22],6843.0
5573,4,[1],"[35, 41, 43]",7747.25
5585,2,[8],[35],7325.0
5590,2,[32],[42],7329.0
5592,1,[],[46],8136.0
5596,1,[],[14],7552.0
5613,2,[],"[33, 40]",8158.5
5628,2,[12],[55],6325.0
5648,2,[16],[19],7312.5
5655,2,[12],[40],7793.0
5663,0,[],[],0
5664,4,"[4, 39, 40]",[17],7890.0
5665,2,[5],[17],8191.0
5666,4,[1],"[12, 16, 17]",8089.0
5675,3,[2],"[25, 39]",7014.0
5692,0,[],[],0
5695,2,[40],[33],8177.5
5704,5,[1],"[34, 52, 59, 63]",7110.4
5705,0,[],[],0
5708,2,[26],[22],6996.0
5714,3,[0],"[36, 39]",7538.333333333333
5717,2,[12],[33],8168.5
5726,2,[],"[27, 30]",6701.5
5737,2,[8],[38],7501.5
5742,2,[],"[46, 47]",8003.5
5743,0,[],[],0
5752,5,"[1, 3, 4, 5]",[11],8000.4
5762,4,[7],"[55, 57, 62]",7744.25
5773,2,[5],[21],6084.0
5775,3,[4],"[10, 17]",7811.666666666667
5785,2,[27],[61],7367.5
5787,1,[4],[],8158.0
5788,2,[6],[1],7839.0
5792,1,[],[22],8109.0
5794,3,"[2, 3]",[17],7472.333333333333
5807,0,[],[],0
5814,1,[32],[],8149.0
5822,2,[40],[34],6733.0
5825,2,[10],[32],7208.0
5830,3,[0],"[16, 25]",7908.0
5831,2,[8],[53],6323.0
5836,2,[22],[25],6824.5
5840,1,[11],[],8191.0
5858,2,[25],[12],8146.0
5870,3,[15],"[41, 62]",7715.666666666667
5873,3,[],"[7, 8, 14]",7741.333333333333
5875,1,[],[12],8121.0
5885,1,[],[41],6757.0
5889,0,[],[],0
5895,4,"[6, 10, 20]",[25],6513.75
5902,3,[15],"[43, 44]",7259.0
5903,3,"[12, 13]",[13],7157.0
5905,3,"[23, 39]",[54],8161.0
5909,1,[],[12],8121.0
5918,5,"[13, 31, 32, 46]",[14],7678.0
5919,2,[2],[47],7971.0
5935,3,[0],"[17, 20]",6879.333333333333
5938,2,[],"[16, 17]",6921.0
5940,1,[49],[],8183.0
5951,2,[3],[16],8020.5
5963,1,[],[22],8171.0
5967,2,[7],[20],8172.5
5977,0,[],[],0
5993,2,[17],[26],8146.0
5998,1,[11],[],8191.0
6008,3,[],"[38, 42, 43]",6758.666666666667
6014,3,[37],"[44, 45]",7424.666666666667
6016,4,[1],"[55, 56, 57]",8036.0
6019,2,[],"[17, 18]",6997.5
6037,3,[],"[46, 47, 49]",7955.0
6039,3,[11],"[26, 29]",8159.0
6040,0,[],[],0
6048,3,"[18, 33]",[26],8160.333333333333
6083,4,[13],"[21, 28, 29]",7367.25
6091,1,[],[51],7271.0
6098,0,[],[],0
6100,0,[],[],0
6110,1,[45],[],8173.0
6120,3,"[3, 18]",[54],7934.333333333333
6124,4,[63],"[48, 51, 52]",8165.0
6129,1,[18],[],8168.0
6130,3,"[14, 15]",[32],7144.333333333333
6132,4,"[33, 52, 53]",[41],7663.0
6134,5,[0],"[8, 12, 13, 14]",7817.8
6143,4,[0],"[30, 45, 46]",7282.75
6147,1,[52],[],8191.0
6149,4,[3],"[46, 49, 62]",7461.0
6153,2,[],"[57, 58]",8153.5
6158,1,[49],[],7931.0
6162,1,[],[41],5983.0
6174,4,[15],"[22, 28, 43]",7527.0
6182,0,[],[],0
6189,3,[],"[6, 40, 49]",6945.666666666667
6191,5,"[49, 50, 51, 55]",[2],7171.8
6200,0,[],[],0
6202,1,[],[47],7567.0
6203,0,[],[],0
6220,4,[11],"[35, 36, 39]",7536.0
6231,1,[23],[],7729.0
6235,3,[],"[43, 47, 49]",6699.0
6240,1,[1],[],5777.0
6261,5,[31],"[37, 48, 49, 55]",7258.4
6264,1,[],[34],7549.0
6266,1,[],[63],7180.0
6279,6,"[12, 13, 14, 15, 36]",[7],6823.666666666667
6291,3,[49],"[60, 61]",8173.0
6298,1,[48],[],8137.0
6306,1,[],[53],8118.0
6312,3,[],"[52, 54, 55]",7033.0
6345,4,[27],"[17, 25, 46]",7954.0
6350,2,[1],[12],7900.5
6360,2,[2],[11],7652.0
6361,4,[4],"[19, 20, 39]",6883.25
6375,3,"[0, 1]",[33],7756.666666666667
6385,2,[59],[33],7170.0
6386,3,"[18, 46]",[9],8147.666666666667
6387,6,[62],"[57, 58, 59, 60, 61]",6732.333333333333
6400,2,[3],[48],6961.0
6406,2,[],"[21, 60]",5885.5
6416,1,[0],[],8191.0
6429,3,[0],"[38, 39]",7823.0
6433,1,[12],[],8173.0
6441,2,[],"[49, 50]",7739.0
6444,1,[],[14],5730.0
6455,1,[0],[],8191.0
6456,1,[],[1],7357.0
6469,3,"[33, 34]",[45],7265.333333333333
6474,1,[],[62],7716.0
6476,0,[],[],0
6480,3,"[5, 7]",[13],7553.666666666667
6502,3,[18],"[56, 62]",7873.333333333333
6505,2,[5],[15],7423.0
6512,1,[3],[],6437.0
6518,1,[3],[],8153.0
6531,0,[],[],0
6536,3,"[3, 4]",[27],6578.666666666667
6539,2,[22],[41],7698.0
6577,3,[7],"[34, 40]",8125.333333333333
6580,4,[11],"[40, 41, 42]",8165.75
6585,3,[0],"[20, 29]",6654.0
6586,1,[10],[],8169.0
6587,1,[3],[],8049.0
6591,1,[10],[],7757.0
6595,1,[22],[],8148.0
6618,3,[1],"[40, 43]",7971.0
6628,6,[24],"[29, 32, 33, 40, 41]",7220.0
6633,1,[4],[],8158.0
6653,0,[],[],0
6654,3,"[1, 11]",[13],7582.333333333333
6657,3,"[11, 12]",[26],6523.666666666667
6662,3,"[1, 8]",[46],7720.0
6667,3,"[31, 53]",[48],7274.0
6674,2,[],"[6, 52]",6251.5
6675,0,[],[],0
6676,2,[10],[49],8157.5
6680,2,[0],[43],8191.0
6687,1,[22],[],6941.0
6691,2,[11],[18],7101.5
6693,0,[],[],0
6699,2,[40],[10],7649.5
6703,1,[19],[],6333.0
6711,3,[],"[12, 13, 16]",7701.666666666667
6722,1,[6],[],8178.0
6725,1,[],[44],8132.0
6731,1,[3],[],8153.0
6732,2,[25],[7],6698.5
6739,3,"[41, 42]",[58],7142.0
6741,4,[23],"[8, 9, 12]",6948.5
6748,2,[17],[3],7284.5
6753,1,[2],[],8133.0
6764,0,[],[],0
6769,0,[],[],0
6773,2,[6],[44],8155.0
6780,2,[15],[4],7592.5
6787,1,[1],[],8157.0
6788,3,[],"[20, 21, 32]",6836.0
6799,2,[25],[16],8140.5
6801,1,[41],[],7043.0
6806,1,[],[63],8191.0
6813,1,[],[8],6738.0
6839,2,[6],[9],7027.0
6845,1,[5],[],7040.0
6860,5,"[2, 3, 4, 32]",[46],7664.6
6865,3,[12],"[12, 13]",7007.666666666667
6877,2,[2],[15],8035.0
6881,0,[],[],0
6892,1,[9],[],5811.0
6894,1,[40],[],8191.0
6901,2,[6],[37],8166.0
6907,0,[],[],0
6911,0,[],[],0
6920,3,[14],"[38, 39]",7093.333333333333
6927,0,[],[],0
6929,3,"[22, 51]",[59],7077.0
6936,1,[],[40],8165.0
6940,2,[62],[19],7945.5
6947,4,[0],"[37, 38, 39]",7937.75
6949,2,[11],[1],6616.5
6956,4,[4],"[30, 35, 52]",7155.5
6965,2,[6],[43],6861.0
6972,0,[],[],0
6974,2,[],"[18, 19]",8182.5
6975,4,"[39, 44, 52]",[63],7100.5
6976,2,[6],[40],7020.5
6981,2,[10],[54],6944.0
7004,3,[40],"[9, 35]",7962.0
7005,2,[28],[55],7355.0
7015,3,"[0, 40]",[18],7640.0
7028,1,[],[32],8179.0
7038,2,[14],[31],7229.0
7062,2,[8],[26],7629.5
7072,3,"[9, 10]",[23],6676.0
7082,2,[],"[12, 14]",7565.5
7088,1,[],[34],6683.0
7089,5,[5],"[23, 45, 46, 47]",7657.4
7106,3,[23],"[16, 47]",7623.666666666667
7112,3,"[30, 31]",[25],7439.333333333333
7124,0,[],[],0
7135,4,[25],"[34, 35, 55]",6894.5
7139,3,[0],"[2, 33]",6700.0
7140,2,[11],[60],7216.5
7144,2,[40],[14],8191.0
7145,4,[5],"[49, 62, 63]",8058.25
7146,3,[1],"[48, 49]",7784.0
7147,3,[],"[46, 47, 48]",7335.0
7158,3,[11],"[57, 60]",7500.333333333333
7171,1,[],[11],8191.0
7193,2,[4],[6],8164.5
7203,1,[46],[],6573.0
7211,2,[10],[16],7584.5
7256,3,"[8, 11]",[3],7174.333333333333
7260,5,[10],"[54, 55, 56, 62]",7560.8
7269,2,[40],[22],8181.0
7285,2,[46],[52],7668.5
7292,2,[9],[58],8178.5
7307,5,"[5, 9, 12, 53]",[30],7542.2
7324,2,[1],[10],7243.0
7334,5,"[3, 4, 5, 47]",[45],8156.0
7335,2,[2],[18],6863.5
7355,0,[],[],0
7382,2,[29],[11],6840.0
7385,3,[],"[34, 43, 48]",6550.0
7387,1,[],[62],8170.0
7407,1,[],[10],7004.0
7417,3,"[5, 9]",[15],7743.666666666667
7422,4,[6],"[22, 26, 30]",6983.25
7430,0,[],[],0
7444,1,[],[60],6410.0
7449,0,[],[],0
7467,1,[4],[],8137.0
7474,2,[12],[8],7320.5
7479,0,[],[],0
7482,2,[51],[17],6975.5
7484,0,[],[],0
7491,1,[17],[],8136.0
7503,4,"[5, 15, 50]",[22],7997.0
7505,2,[15],[11],7330.0
7510,2,[9],[8],6888.0
7526,2,[7],[20],7415.0
7531,2,[10],[14],6796.0
7540,2,[23],[14],7928.0
7547,2,[14],[24],7147.5
7559,1,[],[20],5501.0
7564,4,[],"[39, 40, 41, 43]",7546.25
7571,1,[14],[],8148.0
7573,3,[51],"[34, 35]",6762.333333333333
7580,3,[],"[12, 19, 20]",8149.666666666667
7616,2,[46],[49],7010.0
7620,2,[3],[43],8114.0
7627,0,[],[],0
7633,2,[6],[13],5758.5
7661,3,[],"[30, 32, 38]",7371.0
7671,2,[20],[59],6530.5
7678,2,[45],[51],7371.0
7685,1,[12],[],5865.0
7688,2,[4],[47],7317.5
7697,1,[],[51],6483.0
7729,0,[],[],0
7743,2,[21],[41],8155.5
7748,3,[1],"[45, 58]",7182.0
7753,0,[],[],0
7780,1,[28],[],8161.0
7782,1,[13],[],8129.0
7787,2,[],"[34, 38]",7268.0
7788,3,"[0, 3]",[7],7424.0
7806,2,[24],[46],6677.0
7809,2,[5],[53],7489.0
7814,2,[3],[28],6903.5
7817,1,[10],[],5538.0
7828,0,[],[],0
7833,1,[35],[],8174.0
7835,1,[0],[],5604.0
7841,2,[20],[15],6906.5
7871,1,[26],[],8044.0
7872,2,[17],[12],6877.5
7899,0,[],[],0
7909,2,[7],[20],7427.0
7924,2,[9],[1],6714.5
7936,2,[7],[18],6097.0
7941,2,[1],[20],7352.5
7959,1,[19],[],8108.0
7973,2,[8],[22],7311.0
7978,0,[],[],0
7990,2,[10],[9],7477.5
7998,6,[42],"[43, 44, 45, 47, 54]",7500.833333333333
8003,4,[5],"[37, 42, 43]",8094.0
8008,3,"[4, 10]",[39],7230.333333333333
8010,6,[1],"[22, 23, 24, 25, 26]",7712.166666666667
8011,2,[],"[44, 58]",6854.5
8028,2,[7],[17],8191.0
8030,0,[],[],0
8043,3,[6],"[16, 32]",7497.333333333333
8047,4,[3],"[14, 19, 32]",7779.0
8057,1,[12],[],6411.0
8092,8,"[22, 23, 24, 27, 28, 33, 59]",[33],7156.25
8094,1,[16],[],6526.0
8102,0,[],[],0
8108,4,[1],"[48, 54, 59]",7342.5
8114,3,"[47, 58]",[38],7869.333333333333
8119,2,[],"[12, 13]",7447.5
8126,2,[3],[11],8030.0
8131,1,[],[52],8141.0
8138,7,[0],"[21, 22, 23, 24, 32, 35]",7842.0
8139,2,[],"[7, 8]",8135.5
8141,3,"[0, 2]",[36],7308.0
8150,1,[],[29],7550.0
8153,1,[13],[],7496.0
8167,0,[],[],0
8176,1,[16],[],6015.0
8177,0,[],[],0
8180,1,[8],[],7496.0
8190,1,[15],[],5544.0
8197,4,[1],"[12, 27, 50]",7008.0
8199,6,[0],"[40, 41, 42, 45, 48]",7456.833333333333
8201,2,[],"[14, 15]",6998.0
8211,4,[],"[30, 34, 36, 37]",7375.0
8222,3,[10],"[57, 61]",7619.333333333333
8224,0,[],[],0
8225,2,[],"[49, 51]",6562.5
8227,1,[],[50],7739.0
8229,3,[],"[22, 27, 29]",6681.333333333333
8231,1,[],[37],8154.0
8232,2,[5],[1],7001.5
8233,1,[],[43],8191.0
8239,4,"[17, 18, 42]",[51],7996.0
8240,2,[],"[34, 35]",8165.5
8261,1,[46],[],8167.0
8266,0,[],[],0
8303,1,[0],[],6975.0
8304,3,[15],"[44, 54]",7883.333333333333
8313,1,[],[19],8174.0
8319,1,[],[38],6339.0
8323,5,"[5, 6, 42, 59]",[17],7429.6
8332,1,[1],[],8157.0
8333,2,[9],[16],6655.0
8339,0,[],[],0
8346,4,[2],"[14, 15, 24]",6676.5
8347,3,"[2, 47]",[13],6803.666666666667
8351,4,[],"[38, 39, 40, 53]",7545.75
8358,2,[4],[10],7363.0
8361,1,[9],[],5813.0
8382,1,[],[9],5550.0
8388,0,[],[],0
8403,1,[63],[],6124.0
8405,0,[],[],0
8407,2,[35],[43],8182.5
8409,0,[],[],0
8410,2,[24],[19],8014.0
8419,3,[51],"[2, 55]",7680.666666666667
8440,2,[9],[26],8173.5
8446,4,[37],"[12, 13, 17]",7421.25
8459,2,[8],[3],7801.5
8464,0,[],[],0
8480,0,[],[],0
8488,0,[],[],0
8503,1,[],[19],7127.0
8508,0,[],[],0
8511,1,[20],[],8191.0
8513,0,[],[],0
8515,3,"[5, 22]",[10],7869.333333333333
8516,3,[32],"[18, 19]",7459.0
8522,0,[],[],0
8532,0,[],[],0
8542,3,"[0, 6]",[8],7782.0
8546,2,[3],[35],8148.0
8549,3,[26],"[31, 32]",6736.0
8555,1,[50],[],5544.0
8571,1,[],[40],8165.0
8584,2,[6],[9],7887.5
8604,2,[13],[12],8081.0
8608,2,[18],[30],7211.0
8609,3,[11],"[12, 42]",7394.666666666667
8618,2,[17],[23],7749.0
8621,2,[4],[44],6475.5
8625,0,[],[],0
8627,3,"[6, 16]",[62],7173.666666666667
8644,4,[],"[43, 54, 55, 61]",7983.5
8662,4,[],"[13, 14, 15, 17]",7365.0
8669,2,[10],[39],7615.5
8670,1,[45],[],8173.0
8671,5,[6],"[37, 58, 59, 61]",6828.6
8687,3,[23],"[4, 9]",7116.0
8689,2,[],"[22, 23]",7170.0
8705,2,[3],[45],7649.0
8721,0,[],[],0
8733,1,[25],[],8171.0
8736,0,[],[],0
8742,2,[4],[24],7081.5
8747,2,[7],[29],7595.0
8753,3,[5],"[27, 29]",7953.666666666667
8759,3,[1],"[42, 47]",8042.333333333333
8760,3,[],"[45, 46, 47]",7902.666666666667
8775,3,"[1, 14]",[41],7878.0
8784,0,[],[],0
8791,1,[28],[],7194.0
8796,0,[],[],0
8798,6,[1],"[47, 48, 49, 51, 52]",7321.666666666667
8799,0,[],[],0
8802,0,[],[],0
8807,2,[28],[6],7754.0
8822,2,[30],[17],6962.5
8826,5,[0],"[15, 16, 17, 19]",7060.4
8839,2,[19],[50],7803.5
8840,2,[43],[62],6923.5
8848,4,"[0, 6, 15]",[6],7578.25
8850,2,[37],[8],7312.0
8851,4,[42],"[12, 13, 26]",7583.0
8852,4,"[18, 31, 49]",[8],7912.25
8858,2,[12],[16],7287.5
8869,0,[],[],0
8871,2,[46],[53],6933.5
8876,2,[61],[20],6475.0
8882,4,"[11, 16, 25]",[6],7578.25
8884,0,[],[],0
8889,0,[],[],0
8893,1,[20],[],6332.0
8897,1,[6],[],8178.0
8916,3,[0],"[16, 17]",8164.0
8923,3,"[15, 16]",[22],7703.0
8939,2,[7],[45],6377.0
8943,1,[],[19],7656.0
8944,0,[],[],0
8951,2,[2],[28],8148.0
8952,0,[],[],0
8954,1,[63],[],8191.0
8955,0,[],[],0
8956,9,[1],"[43, 44, 45, 46, 48, 49, 50, 58]",7719.666666666667
8957,0,[],[],0
8975,1,[],[49],6300.0
8987,3,"[3, 43]",[25],6976.0
8993,1,[14],[],8148.0
8997,1,[4],[],7815.0
9007,2,[46],[0],8139.0
9008,2,[16],[17],6848.5
9017,5,[0],"[37, 38, 39, 41]",8158.6
9027,1,[],[58],6661.0
9029,3,"[28, 29]",[22],8163.666666666667
9033,4,[],"[34, 36, 37, 38]",8012.5
9036,2,[],"[51, 54]",8048.5
9040,6,[],"[8, 9, 10, 26, 27, 29]",7771.333333333333
9041,0,[],[],0
9047,2,[52],[5],8162.5
9050,1,[8],[],8191.0
9056,1,[7],[],8191.0
9059,4,"[1, 5, 30]",[36],7961.75
9062,1,[7],[],8191.0
9064,2,[25],[18],7257.0
9065,2,[26],[30],6946.0
9071,8,[33],"[38, 56, 57, 58, 59, 60, 61]",8118.75
9076,2,[5],[48],8097.5
9087,2,[3],[29],7113.5
9089,0,[],[],0
9098,2,[21],[21],6411.5
9099,1,[6],[],8178.0
9127,4,[37],"[27, 33, 34]",8097.25
9137,1,[6],[],7689.0
9140,3,"[9, 25]",[36],7088.0
9164,3,[9],"[51, 54]",6816.333333333333
9168,2,[9],[6],7331.0
9200,1,[1],[],8157.0
9220,1,[2],[],7630.0
9224,3,[3],"[60, 61]",7766.666666666667
9228,6,[12],"[11, 31, 32, 33, 50]",7465.0
9241,4,[6],"[2, 3, 26]",7010.75
9260,2,[44],[18],8068.0
9269,3,[],"[12, 14, 17]",6859.666666666667
9273,4,"[1, 3, 4]",[62],7965.25
9290,2,[22],[12],8001.0
9292,0,[],[],0
9296,0,[],[],0
9302,1,[26],[],8164.0
9310,1,[3],[],7667.0
9311,0,[],[],0
9318,2,[],"[25, 28]",7657.5
9335,1,[8],[],7558.0
9362,2,[8],[59],7482.0
9372,1,[1],[],7979.0
9377,0,[],[],0
9379,2,[],"[45, 46]",6915.5
9393,2,[3],[58],7098.0
9394,1,[42],[],7484.0
9397,0,[],[],0
9403,1,[8],[],7694.0
9404,1,[],[15],8188.0
9410,6,[7],"[26, 33, 34, 35, 36]",6554.833333333333
9428,1,[],[24],6240.0
9432,3,[15],"[16, 17]",7275.666666666667
9433,3,[45],"[2, 41]",7994.0
9450,6,[24],"[39, 57, 58, 59, 60]",7841.833333333333
9452,3,"[0, 59]",[11],7646.666666666667
9453,2,[17],[10],7797.5
9463,4,[1],"[5, 7, 8]",7247.5
9474,2,[19],[61],6816.0
9475,5,"[2, 3, 11, 12]",[50],7123.2
9485,2,[],"[53, 61]",8131.5
9487,2,[35],[19],6774.5
9494,2,[17],[31],8141.5
9508,0,[],[],0
9511,2,[62],[10],7857.5
9512,0,[],[],0
9518,3,[],"[15, 27, 29]",7174.0
9520,6,[14],"[34, 44, 45, 49, 61]",7390.666666666667
9530,4,[],"[49, 51, 55, 56]",7250.0
9548,2,[12],[34],8180.5
9565,2,[10],[16],6805.5
9571,3,[3],"[7, 17]",6943.0
9577,2,[2],[52],7194.0
9591,2,[60],[23],8156.5
9594,4,"[6, 51, 58]",[52],6688.0
9598,3,[],"[57, 58, 59]",8103.333333333333
9604,3,"[2, 15]",[35],7306.333333333333
9610,3,[5],"[38, 39]",7457.666666666667
9618,4,[7],"[6, 12, 41]",7490.25
9620,3,[],"[38, 39, 40]",7565.0
9626,2,[58],[37],6852.5
9627,1,[57],[],8126.0
9628,1,[],[19],8174.0
9631,1,[7],[],8191.0
9652,5,"[35, 36, 60, 61]",[18],7959.2
9653,2,[13],[56],7110.5
9655,4,[],"[39, 40, 41, 50]",7257.0
9658,2,[3],[30],6663.0
9660,1,[],[14],6250.0
9662,4,[3],"[29, 30, 31]",7916.25
9663,2,[32],[1],6241.0
9672,1,[],[63],8191.0
9675,2,[2],[57],7893.5
9684,2,[9],[49],7113.5
9700,2,[4],[1],7384.5
9715,3,"[1, 3]",[45],8147.0
9745,1,[],[9],7170.0
9757,0,[],[],0
9761,4,[0],"[21, 23, 29]",7492.5
9772,1,[28],[],8188.0
9773,3,[5],"[5, 6]",8165.333333333333
9782,6,"[5, 21, 25, 49, 58]",[33],7352.5
9792,0,[],[],0
9796,2,[],"[30, 31]",8169.0
9813,6,[],"[28, 29, 30, 31, 32, 33]",7805.333333333333
9814,3,"[13, 17]",[22],7554.666666666667
9822,5,[],"[26, 39, 41, 45, 50]",6984.8
9824,1,[],[49],8191.0
9834,0,[],[],0
9841,3,"[2, 3]",[62],7515.333333333333
9844,2,[11],[14],7782.0
9848,2,[2],[43],7797.5
9851,1,[7],[],7645.0
9853,2,[28],[37],7440.5
9855,3,[],"[42, 59, 60]",8126.333333333333
9866,4,[9],"[4, 7, 8]",7675.0
9879,2,[37],[18],5708.5
9899,0,[],[],0
9900,2,[11],[0],6263.0
9902,4,[18],"[12, 14, 25]",7377.0
9914,3,"[31, 32]",[20],7288.666666666667
9920,3,[11],"[33, 49]",7303.666666666667
9926,2,[11],[9],8183.5
9927,0,[],[],0
9939,3,[],"[15, 34, 35]",7338.333333333333
9946,3,"[5, 6]",[23],7437.666666666667
9947,4,[2],"[51, 52, 53]",7475.0
9949,1,[],[61],8145.0
9957,1,[8],[],8191.0
9959,1,[],[34],7918.0
9960,1,[],[19],8174.0
9962,2,[36],[0],7432.5
9976,3,[2],"[37, 62]",6908.666666666667
9977,3,[],"[51, 54, 55]",7666.333333333333
9989,0,[],[],0
9991,3,[5],"[45, 49]",7367.0
9998,3,"[37, 52]",[40],7793.666666666667
9999,3,"[31, 35]",[47],7467.333333333333
10003,2,[8],[55],7395.0
10009,3,[],"[2, 54, 62]",6491.0
10022,3,[4],"[47, 48]",8138.0
10043,7,[24],"[46, 52, 53, 55, 56, 60]",7104.714285714285
10044,2,[33],[35],8150.0
10062,5,[2],"[36, 37, 39, 50]",6836.8
10071,4,"[4, 6, 31]",[20],7705.75
10072,3,"[30, 31]",[53],6550.0
10082,4,"[8, 9, 12]",[5],8172.25
10085,1,[21],[],8164.0
10086,1,[54],[],7075.0
10095,2,[2],[2],6932.5
10111,3,[1],"[23, 24]",8144.666666666667
10112,2,[7],[1],7070.0
10128,1,[7],[],8191.0
10137,2,[],"[34, 37]",6407.0
10140,2,[1],[59],8153.5
10162,3,"[5, 7]",[10],8191.0
10169,2,[],"[38, 39]",8150.5
10181,4,[12],"[24, 25, 55]",7521.25
10182,2,[42],[17],8144.0
10198,2,[19],[17],6934.0
10209,9,[6],"[34, 35, 36, 37, 38, 39, 47, 55]",7064.0
10213,3,[1],"[19, 21]",7787.666666666667
10216,0,[],[],0
10222,2,[],"[11, 52]",7084.0
10239,0,[],[],0
10242,2,[4],[45],7987.0
10249,1,[26],[],8164.0
10274,1,[32],[],8149.0
10277,1,[8],[],6297.0
10284,1,[],[28],7137.0
10288,2,[7],[9],7148.5
10291,0,[],[],0
10299,3,"[17, 23]",[26],6288.0
10301,3,[1],"[57, 58]",8154.666666666667
10322,2,[1],[8],7914.5
10335,5,"[5, 6, 16, 48]",[3],8157.2
10337,3,[20],"[22, 35]",7301.333333333333
10342,0,[],[],0
10348,2,[],"[19, 20]",6571.5
10349,3,[4],"[44, 51]",6824.666666666667
10352,4,"[6, 7, 8]",[38],7607.5
10354,4,"[1, 21, 22]",[9],6714.0
10355,0,[],[],0
10356,2,[7],[1],7331.5
10357,1,[],[49],6100.0
10378,1,[],[53],8118.0
10383,2,[63],[17],7431.5
10403,0,[],[],0
10409,0,[],[],0
10411,4,[2],"[42, 45, 53]",6952.5
10414,1,[],[51],8191.0
10415,1,[15],[],8126.0
10419,1,[],[22],8171.0
10424,1,[16],[],8150.0
10440,2,[21],[22],7757.0
10446,2,[18],[60],6859.0
10448,4,"[0, 10, 13]",[55],6670.25
10460,2,[],"[18, 19]",7882.5
10466,1,[7],[],6266.0
10467,1,[27],[],8145.0
10489,0,[],[],0
10496,2,[],"[48, 49]",7107.0
10497,6,[3],"[22, 23, 25, 27, 28]",7179.833333333333
10510,2,[43],[14],7951.5
10518,2,[56],[56],6948.0
10522,1,[],[59],6663.0
10529,2,[],"[36, 47]",7378.5
10531,0,[],[],0
10543,2,[9],[54],6803.0
10563,1,[51],[],8191.0
10573,2,[51],[26],7747.5
10577,2,[2],[18],6978.5
10599,6,[18],"[4, 26, 34, 35, 39]",6889.333333333333
10601,1,[],[49],6725.0
10602,2,[2],[61],8139.0
10608,2,[],"[14, 16]",8150.5
10615,0,[],[],0
10618,2,[],"[48, 49]",6858.0
10624,3,[9],"[41, 52]",7319.666666666667
10652,2,[50],[40],7080.5
10658,3,"[13, 29]",[22],7712.333333333333
10660,2,[0],[58],7013.5
10668,2,[7],[11],7750.0
10677,2,[27],[21],6745.5
10687,0,[],[],0
10692,1,[],[21],8010.0
10700,1,[14],[],7037.0
10718,1,[],[48],6283.0
10725,0,[],[],0
10729,2,[5],[57],7775.5
10734,1,[3],[],8153.0
10735,2,[2],[14],7200.0
10744,1,[7],[],8191.0
10756,0,[],[],0
10763,7,"[16, 17, 19, 38, 49, 50]",[57],6911.285714285715
10769,0,[],[],0
10772,3,[0],"[47, 63]",6843.0
10779,7,"[0, 1, 2, 4, 9, 10]",[1],7579.571428571428
10780,0,[],[],0
10801,1,[],[36],8137.0
10806,2,[4],[46],6163.0
10818,7,[5],"[51, 55, 56, 59, 61, 62]",7584.714285714285
10837,0,[],[],0
10849,3,[2],"[11, 12]",8036.333333333333
10872,2,[28],[49],7761.0
10876,1,[0],[],8191.0
10887,5,"[6, 7, 29, 30]",[55],7036.0
10902,2,[6],[53],7781.0
10904,2,[36],[22],7138.5
10913,1,[],[29],5843.0
10918,2,[8],[4],7048.0
10921,3,[],"[12, 13, 21]",8151.0
10923,2,[2],[4],8064.0
10929,1,[],[53],7578.0
10939,2,[60],[22],8181.0
10940,1,[52],[],6374.0
10942,2,[32],[14],6958.0
10948,3,"[13, 14]",[10],6626.666666666667
10951,2,[],"[59, 62]",5918.0
10956,3,[8],"[53, 54]",6361.666666666667
10958,1,[],[39],6667.0
10960,1,[1],[],7621.0
10985,1,[15],[],8126.0
10993,2,[],"[23, 24]",8138.5
11013,0,[],[],0
11021,1,[13],[],8129.0
11029,2,[6],[16],7367.0
11033,1,[26],[],8164.0
11037,4,[],"[17, 20, 21, 22]",8170.25
11055,2,[15],[27],7619.0
11059,4,[],"[36, 38, 39, 47]",7695.0
11061,4,[3],"[58, 62, 63]",8170.0
11066,0,[],[],0
11075,0,[],[],0
11077,1,[8],[],8191.0
11079,1,[],[62],8170.0
11080,1,[],[39],7691.0
11087,2,[],"[56, 61]",7402.0
11089,0,[],[],0
11104,1,[22],[],8148.0
11119,0,[],[],0
11131,3,"[7, 10]",[0],6654.333333333333
11136,1,[20],[],6709.0
11139,4,[0],"[33, 39, 40]",7494.75
11142,2,[48],[18],8164.0
11145,2,[44],[1],6877.5
11153,11,"[0, 1, 2, 15, 16, 17, 31, 33, 48, 49]",[48],6647.636363636364
11154,1,[10],[],8169.0
11155,0,[],[],0
11158,0,[],[],0
11172,4,"[2, 11, 16]",[63],7763.0
11174,1,[],[17],7938.0
11175,1,[],[41],7951.0
11193,0,[],[],0
11194,0,[],[],0
11196,6,"[0, 4, 5, 28, 41]",[24],7261.5
11197,3,[],"[45, 57, 58]",7414.333333333333
11202,2,[17],[62],6644.0
11204,1,[],[51],6359.0
11208,1,[10],[],8047.0
11214,1,[],[58],5999.0
11244,2,[7],[0],6302.5
11247,2,[13],[36],7171.0
11250,2,[15],[37],8140.0
11253,0,[],[],0
11255,3,[24],"[11, 54]",8086.666666666667
11256,1,[7],[],5726.0
11291,3,"[5, 9]",[30],7264.0
11300,2,[14],[24],7137.5
11301,2,[31],[22],7445.0
11317,4,[2],"[46, 47, 48]",8156.75
11319,1,[],[53],7532.0
11333,2,[4],[15],7268.5
11335,2,[],"[32, 33]",8025.0
11337,1,[0],[],8191.0
11340,1,[],[25],8163.0
11344,0,[],[],0
11345,4,[1],"[28, 33, 37]",7034.5
11387,1,[],[22],5932.0
11395,2,[],"[32, 38]",6056.0
11396,3,"[0, 17]",[35],7906.666666666667
11418,0,[],[],0
11419,4,[0],"[24, 27, 28]",7930.75
11421,0,[],[],0
11423,2,[1],[55],6848.5
11443,4,"[4, 5, 23]",[4],6474.25
11451,2,[],"[57, 58]",7614.0
11458,0,[],[],0
11459,4,[],"[37, 38, 44, 46]",7453.25
11469,0,[],[],0
11485,0,[],[],0
11487,4,"[1, 2, 6]",[22],7271.0
11490,3,[28],"[9, 26]",8142.0
11518,2,[],"[48, 49]",7252.5
11542,3,[5],"[34, 36]",8026.333333333333
11551,1,[],[9],5614.0
11552,1,[10],[],7208.0
11563,3,[7],"[28, 54]",7205.0
11585,4,"[5, 11, 24]",[9],7539.75
11610,0,[],[],0
11627,4,"[2, 3, 10]",[33],7336.0
11629,0,[],[],0
11633,3,[35],"[13, 54]",8155.666666666667
11641,2,[57],[44],8007.0
11644,2,[],"[46, 53]",6232.0
11656,2,[],"[53, 59]",6965.5
11657,2,[54],[12],8139.0
11664,3,[2],"[34, 35]",6646.666666666667
11666,2,[3],[14],8105.0
11667,4,[3],"[55, 56, 59]",7779.5
11673,0,[],[],0
11699,2,[],"[9, 46]",8156.0
11709,2,[4],[49],7212.0
11739,1,[21],[],5726.0
11740,2,[53],[57],7074.0
11744,3,[13],"[14, 42]",7663.0
11755,3,[19],"[19, 62]",8150.666666666667
11756,2,[3],[3],7979.0
11763,0,[],[],0
11764,0,[],[],0
11783,2,[16],[31],7739.5
11793,1,[6],[],8178.0
11812,3,[],"[32, 33, 43]",8068.333333333333
11825,1,[51],[],8191.0
11831,1,[10],[],8169.0
11836,2,[2],[40],7936.0
11837,1,[5],[],8191.0
11853,0,[],[],0
11857,1,[],[12],7457.0
11860,2,[32],[61],7562.0
11876,2,[5],[8],6352.0
11885,6,"[0, 13, 14, 17, 18]",[34],7350.166666666667
11888,1,[],[2],8183.0
11893,2,[6],[22],7196.0
11898,1,[],[13],8167.0
11900,3,"[13, 14]",[18],7901.666666666667
11901,2,[38],[1],7807.0
11906,2,[],"[56, 58]",7264.5
11907,2,[2],[8],7499.0
11913,0,[],[],0
11915,2,[3],[30],6047.5
11917,2,[31],[35],8071.0
11921,6,[38],"[8, 36, 37, 38, 39]",7391.666666666667
11924,2,[8],[51],7396.0
11927,4,"[26, 53, 62]",[61],7140.0
11940,0,[],[],0
11947,0,[],[],0
11959,2,[37],[2],7390.0
11960,1,[],[19],7022.0
11961,0,[],[],0
11989,2,[27],[13],8156.0
11998,0,[],[],0
11999,2,[55],[61],8155.0
12008,1,[14],[],8148.0
12023,3,[0],"[10, 11]",8191.0
12026,2,[7],[17],7070.0
12027,3,[31],"[13, 29]",6822.0
12031,2,[15],[58],7520.0
12049,1,[0],[],7125.0
12055,0,[],[],0
12061,1,[],[39],5985.0
12065,2,[7],[56],8168.0
12067,2,[],"[45, 54]",6474.5
12070,0,[],[],0
12085,5,[],"[58, 59, 60, 61, 62]",7423.6
12088,0,[],[],0
12094,2,[3],[20],8143.0
12104,4,[0],"[14, 15, 16]",7412.75
12105,2,[5],[20],8172.5
12112,1,[1],[],6725.0
12115,1,[40],[],8191.0
12119,1,[4],[],8158.0
12127,1,[36],[],8179.0
12135,3,"[3, 4]",[52],7250.666666666667
12138,2,[57],[62],5627.5
12151,1,[],[46],8119.0
12159,2,[],"[25, 26]",6601.5
12166,2,[23],[8],7353.5
12177,0,[],[],0
12184,1,[],[44],6500.0
12187,6,[],"[17, 18, 19, 21, 46, 47]",7428.833333333333
12196,1,[5],[],7718.0
12198,3,[0],"[53, 54]",8145.0
12200,2,[22],[20],6974.0
12204,3,"[7, 21]",[32],7734.0
12208,3,[26],"[27, 53]",8142.0
12209,3,[11],"[31, 32]",8172.333333333333
12214,2,[63],[27],7431.0
12221,2,[24],[17],7540.5
12227,0,[],[],0
12248,2,[12],[40],6601.5
12257,3,[],"[55, 56, 57]",7850.666666666667
12262,1,[5],[],7270.0
12286,3,"[5, 6]",[26],6492.0
12289,2,[15],[58],7474.5
12302,2,[3],[41],8150.0
12310,1,[],[57],8141.0
12316,0,[],[],0
12325,1,[9],[],6986.0
12328,4,"[28, 36, 37]",[59],7257.0
12335,4,"[13, 14, 15]",[51],7691.5
12338,0,[],[],0
12341,0,[],[],0
12349,1,[],[36],6094.0
12359,4,[],"[50, 57, 58, 59]",7627.25
12360,2,[31],[16],7685.0
12364,6,[7],"[31, 34, 51, 60, 62]",7926.5
12370,2,[7],[23],7474.5
12381,2,[15],[1],7133.0
12394,4,"[18, 19, 23]",[3],7282.0
12396,4,[8],"[14, 15, 39]",7706.0
12401,0,[],[],0
12405,1,[27],[],8145.0
12410,2,[3],[62],7536.5
12426,6,"[4, 6, 7, 15, 45]",[0],7794.5
12441,0,[],[],0
12444,4,"[38, 39, 40]",[62],7735.5
12454,1,[16],[],8150.0
12455,3,"[8, 13]",[57],7675.333333333333
12460,2,[34],[10],7153.0
12461,2,[24],[60],7113.0
12468,3,"[1, 2]",[23],7799.0
12471,2,[55],[56],6572.0
12472,1,[30],[],8049.0
12490,2,[0],[43],8168.0
12506,4,"[0, 7, 10]",[40],8003.25
12511,2,[18],[13],8167.5
12513,1,[21],[],7042.0
12519,2,[34],[6],8156.0
12522,0,[],[],0
12525,2,[0],[49],8191.0
12535,4,[1],"[54, 56, 62]",7039.5
12544,3,"[18, 49]",[11],7389.333333333333
12564,3,[8],"[17, 19]",7700.666666666667
12588,2,[5],[46],6565.0
12611,2,[7],[61],7720.5
12613,6,[7],"[45, 46, 47, 50, 53]",7748.666666666667
12628,3,"[6, 7]",[20],7068.666666666667
12631,0,[],[],0
12642,1,[23],[],8186.0
12646,2,[9],[19],7849.5
12660,2,[12],[35],7161.0
12663,4,[],"[54, 55, 62, 63]",5981.5
12668,1,[8],[],7530.0
12672,5,"[1, 2, 4, 45]",[28],7650.4
12674,3,[5],"[36, 41]",7335.666666666667
12678,0,[],[],0
12683,3,[],"[12, 13, 20]",7151.666666666667
12696,10,[59],"[11, 14, 15, 57, 59, 60, 61, 62, 63]",7195.2
12701,2,[49],[53],6927.0
12710,3,[9],"[14, 49]",6461.0
12718,2,[],"[13, 30]",5973.0
12741,1,[11],[],8191.0
12758,2,[],"[58, 59]",8158.0
12760,1,[0],[],8191.0
12767,2,[7],[6],8181.0
12771,1,[7],[],8191.0
12774,2,[4],[4],7568.5
12794,2,[],"[53, 54]",7194.5
12798,6,[13],"[33, 34, 35, 38, 47]",7026.333333333333
12805,2,[],"[21, 53]",7322.0
12817,2,[27],[47],6186.5
12830,2,[24],[46],8082.0
12832,0,[],[],0
12851,0,[],[],0
12865,2,[43],[7],7361.0
12878,3,[29],"[1, 2]",7433.666666666667
12909,1,[44],[],8169.0
12912,6,[20],"[10, 11, 22, 31, 46]",7499.5
12929,2,[23],[5],7509.5
12940,8,"[5, 13, 22, 23, 35, 58, 59]",[37],7900.375
12944,5,[0],"[35, 36, 38, 55]",7629.2
12949,4,"[4, 11, 15]",[6],7929.75
12950,2,[],"[27, 42]",7825.5
12952,1,[9],[],6531.0
12981,2,[],"[32, 38]",7854.0
12983,1,[21],[],8164.0
12986,0,[],[],0
12991,1,[],[57],8141.0
13022,2,[40],[0],7626.0
13026,4,[12],"[9, 22, 23]",6940.75
13029,2,[6],[21],6779.0
13034,1,[24],[],8191.0
13036,0,[],[],0
13049,6,[],"[12, 33, 34, 35, 36, 37]",8151.166666666667
13059,2,[19],[57],8050.0
13064,3,"[2, 5]",[45],7766.666666666667
13066,1,[4],[],8158.0
13067,3,[4],"[27, 44]",7443.0
13072,3,[],"[15, 18, 19]",7315.333333333333
13074,3,"[17, 23]",[12],8145.333333333333
13089,3,[47],"[32, 47]",7404.0
13104,2,[51],[17],8191.0
13109,4,[34],"[21, 37, 61]",7803.25
13113,3,[6],"[15, 26]",7212.0
13115,0,[],[],0
13129,1,[],[48],6685.0
13134,3,[63],"[15, 24]",6900.0
13138,1,[],[63],6350.0
13139,4,[1],"[10, 11, 12]",7621.75
13158,7,[35],"[37, 38, 46, 51, 55, 60]",7571.857142857143
13171,3,"[12, 13]",[40],6918.0
13184,1,[31],[],8130.0
13185,2,[6],[56],7413.0
13191,3,[1],"[16, 17]",8152.666666666667
13193,1,[10],[],8169.0
13199,1,[8],[],7128.0
13222,8,[],"[31, 33, 35, 36, 39, 42, 44, 45]",7872.125
13225,2,[19],[0],7736.5
13235,0,[],[],0
13238,4,[27],"[52, 55, 58]",7361.75
13246,5,"[4, 6, 7, 12]",[41],7949.2
13249,1,[],[4],8087.0
13252,0,[],[],0
13262,1,[56],[],6756.0
13266,1,[33],[],8157.0
13268,2,[23],[25],6504.0
13269,3,"[6, 18]",[35],6984.666666666667
13275,3,[],"[43, 44, 46]",7667.666666666667
13277,1,[7],[],8191.0
13279,1,[40],[],7966.0
13285,4,[16],"[8, 40, 41]",8153.0
13286,1,[],[57],6289.0
13298,2,[6],[15],7522.5
13310,2,[10],[2],6887.5
13314,3,[57],"[32, 36]",7614.0
13317,4,[10],"[50, 51, 56]",7585.0
13319,1,[1],[],8157.0
13331,3,"[8, 57]",[1],7891.666666666667
13332,2,[3],[43],8172.0
13336,2,[20],[0],6967.0
13352,1,[40],[],8191.0
13362,0,[],[],0
13363,2,[10],[11],7096.5
13382,2,[15],[37],7202.5
13389,4,[7],"[12, 13, 37]",6683.75
13390,2,[36],[53],6960.0
13393,2,[],"[38, 42]",6834.5
13394,2,[15],[0],6713.5
13397,0,[],[],0
13405,0,[],[],0
13412,1,[54],[],8178.0
13414,0,[],[],0
13423,2,[0],[24],7536.5
13426,0,[],[],0
13434,2,[12],[26],8164.5
13436,2,[16],[63],6912.0
13440,2,[24],[12],7458.0
13443,4,[18],"[38, 40, 56]",7112.75
13451,5,"[4, 30, 46, 47]",[52],7763.2
13456,1,[],[25],8086.0
13463,2,[1],[47],7175.5
13481,1,[],[10],6085.0
13492,3,[31],"[38, 41]",6815.333333333333
13505,2,[21],[9],7442.5
13510,5,"[0, 1, 7, 8]",[4],6813.0
13513,1,[],[62],6602.0
13516,2,[8],[46],7109.5
13518,3,[9],"[11, 12]",8020.0
13526,0,[],[],0
13529,4,[],"[21, 22, 50, 51]",7306.75
13531,2,[23],[63],7146.5
13540,3,[],"[49, 50, 51]",6964.666666666667
13545,2,[],"[58, 62]",7506.0
13552,3,"[43, 54]",[32],7828.333333333333
13553,0,[],[],0
13569,1,[16],[],8150.0
13578,0,[],[],0
13580,2,[8],[38],7771.5
13585,3,"[12, 13]",[29],6534.333333333333
13590,0,[],[],0
13601,3,[],"[33, 34, 36]",7872.333333333333
13602,2,[16],[48],7194.0
13603,5,[18],"[10, 12, 13, 14]",7194.8
13608,3,[1],"[18, 21]",7304.666666666667
13613,2,[7],[32],8021.5
13620,5,[],"[20, 23, 24, 25, 38]",7636.8
13632,6,[1],"[58, 59, 60, 61, 62]",6817.833333333333
13639,0,[],[],0
13644,2,[48],[48],6940.0
13659,2,[17],[48],8048.0
13667,1,[20],[],8191.0
13672,3,[58],"[22, 23]",6361.666666666667
13688,2,[10],[36],8105.5
13695,4,"[2, 12, 40]",[1],6933.0
13696,1,[4],[],8158.0
13703,3,[33],"[36, 56]",8087.333333333333
13710,2,[19],[55],7450.5
13722,5,[6],"[28, 29, 44, 45]",6779.4
13728,3,[1],"[42, 43]",7639.333333333333
13737,3,"[0, 15]",[48],7906.0
13759,0,[],[],0
13779,2,[23],[20],8170.0
13781,2,[23],[47],7797.5
13787,1,[],[17],8191.0
13790,3,"[3, 13]",[11],8157.666666666667
13810,4,"[6, 17, 51]",[39],7776.25
13836,1,[24],[],8191.0
13837,1,[],[0],7527.0
13843,0,[],[],0
13845,5,[6],"[35, 42, 43, 46]",7309.8
13848,3,"[4, 43]",[19],6847.333333333333
13860,2,[6],[51],7085.0
13873,2,[11],[39],7486.0
13875,2,[18],[38],6551.5
13892,2,[0],[39],8170.0
13898,2,[27],[11],8168.0
13899,1,[19],[],8002.0
13908,2,[],"[33, 34]",8176.0
13919,0,[],[],0
13936,3,[],"[15, 16, 19]",7874.666666666667
13939,2,[44],[29],8052.0
13942,1,[6],[],7666.0
13980,3,[],"[35, 44, 45]",7844.0
13981,0,[],[],0
13985,3,[],"[34, 58, 59]",6526.333333333333
14015,4,[15],"[3, 25, 26]",7103.0
14019,6,[12],"[22, 23, 24, 25, 32]",8090.666666666667
14033,0,[],[],0
14038,2,[11],[56],8168.0
14039,2,[3],[61],7517.5
14053,1,[2],[],7576.0
14054,2,[15],[9],8151.0
14058,0,[],[],0
14061,6,[2],"[37, 38, 39, 40, 41]",8039.5
14065,2,[54],[46],8157.0
14078,3,[31],"[49, 50]",6486.666666666667
14080,0,[],[],0
14085,3,[7],"[34, 38]",7317.0
14090,1,[],[47],6934.0
14094,3,"[7, 38]",[51],6709.333333333333
14100,2,[39],[18],7660.5
14110,2,[10],[62],7448.0
14111,2,[8],[16],6960.0
14113,0,[],[],0
14141,3,[],"[48, 55, 57]",6773.333333333333
14149,3,"[5, 10]",[12],7390.0
14172,4,[26],"[6, 43, 44]",7289.5
14183,3,"[8, 18]",[4],7478.333333333333
14203,0,[],[],0
14204,1,[],[47],7151.0
14205,8,[9],"[37, 38, 39, 44, 45, 46, 47]",7057.875
14224,2,[11],[5],7811.5
14236,2,[20],[8],7408.5
14249,4,[],"[45, 47, 48, 49]",7567.0
14251,0,[],[],0
14261,2,[],"[28, 29]",8021.0
14279,3,[61],"[4, 5]",8035.0
14284,0,[],[],0
14286,4,[6],"[54, 58, 59]",7039.25
14296,2,[2],[47],7377.5
14305,3,"[3, 4]",[30],8167.333333333333
14309,2,[2],[6],7636.5
14314,2,[10],[5],7976.5
14320,2,[],"[19, 20]",7861.5
14380,1,[],[50],6843.0
14381,2,[13],[61],8137.0
14385,7,[6],"[31, 45, 46, 50, 55, 56]",7525.142857142857
14387,14,"[10, 11, 12, 13, 14, 15, 16, 17, 18, 19, 20, 21, 60]",[63],8157.0
14416,0,[],[],0
14421,3,[0],"[13, 14]",8183.0
14446,0,[],[],0
14450,0,[],[],0
14468,2,[0],[3],7510.5
14473,4,"[0, 21, 22]",[25],7113.0
14476,1,[],[39],8149.0
14477,1,[],[52],7546.0
14481,2,[0],[10],7904.0
14483,6,[39],"[6, 7, 8, 9, 13]",7620.333333333333
14492,3,[],"[13, 16, 18]",6620.333333333333
14497,0,[],[],0
14525,4,"[5, 6, 8]",[0],7327.0
14529,1,[],[22],8171.0
14535,4,[1],"[17, 19, 29]",7617.25
14541,0,[],[],0
14553,0,[],[],0
14554,3,[8],"[32, 33]",5981.0
14557,6,[1],"[41, 43, 47, 52, 63]",7468.833333333333
14558,1,[7],[],8060.0
14560,3,"[1, 2]",[43],8160.333333333333
14561,0,[],[],0
14568,1,[15],[],8126.0
14574,1,[28],[],8188.0
14579,2,[12],[9],7330.5
14583,0,[],[],0
14586,5,"[8, 9, 12, 13]",[58],6960.6
14599,5,[0],"[1, 37, 42, 43]",6853.8
14600,1,[41],[],6517.0
14630,2,[16],[11],7666.0
14638,5,[],"[20, 24, 27, 28, 29]",6889.8
14642,3,[],"[51, 53, 54]",7763.333333333333
14650,0,[],[],0
14656,2,[0],[61],6710.0
14660,0,[],[],0
14667,0,[],[],0
14678,0,[],[],0
14683,3,[],"[11, 12, 13]",7846.333333333333
14692,2,[58],[18],8175.5
14712,1,[],[38],8152.0
14721,2,[25],[0],7241.5
14746,3,[61],"[13, 14]",6832.333333333333
14758,3,"[32, 33]",[7],8068.666666666667
14762,2,[30],[6],8110.0
14774,1,[59],[],7523.0
14778,1,[9],[],5730.0
14780,2,[13],[60],7644.0
14786,0,[],[],0
14787,5,[],"[39, 47, 53, 54, 56]",7709.8
14790,1,[0],[],8191.0
14802,2,[39],[14],7990.5
14824,4,[11],"[11, 32, 34]",6600.75
14829,1,[],[51],7120.0
14836,2,[8],[15],7622.0
14844,2,[],"[42, 43]",8079.5
14855,1,[],[57],8141.0
14865,2,[3],[47],7223.5
14869,7,[2],"[12, 14, 21, 32, 37, 52]",7013.714285714285
14876,1,[33],[],8157.0
14883,2,[1],[10],7939.0
14889,4,[44],"[35, 52, 53]",7856.75
14893,3,[8],"[57, 58]",7191.0
14905,3,"[9, 10]",[6],6749.333333333333
14907,1,[9],[],8191.0
14916,1,[13],[],8129.0
14921,1,[7],[],7892.0
14945,4,[38],"[12, 24, 26]",6458.5
14961,1,[],[6],8171.0
14994,1,[8],[],6131.0
15001,5,[10],"[52, 53, 56, 60]",7750.8
15014,3,[],"[36, 37, 40]",8152.0
15021,1,[],[39],8149.0
15034,2,[51],[48],7138.5
15036,1,[9],[],8191.0
15040,1,[10],[],8169.0
15063,4,[33],"[22, 23, 33]",7820.5
15067,2,[2],[42],7066.5
15078,3,"[10, 21]",[30],7902.333333333333
15087,3,[11],"[26, 27]",6833.333333333333
15089,4,"[5, 6, 34]",[6],8034.75
15095,6,"[6, 17, 20, 21, 63]",[5],7267.166666666667
15096,2,[22],[57],7625.0
15098,0,[],[],0
15111,0,[],[],0
15114,3,[0],"[40, 41]",7973.666666666667
15115,0,[],[],0
15122,2,[31],[11],7634.0
15128,4,"[2, 3, 6]",[43],7984.5
15130,2,[],"[19, 20]",6834.0
15131,1,[20],[],8115.0
15141,3,[],"[24, 28, 29]",6409.666666666667
15153,2,[15],[8],7181.5
15162,1,[26],[],8065.0
15165,1,[49],[],8183.0
15170,1,[12],[],8173.0
15176,1,[32],[],8149.0
15195,3,"[10, 40]",[48],6973.333333333333
15203,0,[],[],0
15206,3,[],"[49, 53, 55]",7616.0
15211,1,[45],[],8173.0
15217,2,[10],[61],7572.0
15219,4,[7],"[48, 50, 51]",7345.0
15227,2,[33],[58],8161.5
15231,0,[],[],0
15234,2,[6],[27],5796.5
15239,1,[10],[],8169.0
15243,1,[],[35],7241.0
15250,1,[10],[],8169.0
15251,3,"[5, 6]",[0],7574.333333333333
15253,3,"[6, 7]",[27],8171.0
15258,3,[],"[56, 57, 61]",7925.0
15271,2,[10],[20],7536.0
15285,4,"[1, 5, 40]",[29],7549.0
15287,1,[59],[],5665.0
15289,6,[0],"[7, 8, 12, 16, 17]",6524.833333333333
15299,4,"[7, 9, 33]",[11],8182.5
15301,0,[],[],0
15317,0,[],[],0
15326,3,[3],"[20, 33]",7516.0
15337,2,[2],[35],7598.0
15339,2,[5],[29],7034.5
15350,3,[3],"[23, 26]",6903.333333333333
15351,0,[],[],0
15365,4,"[21, 25, 26]",[26],6119.5
15368,0,[],[],0
15372,1,[20],[],8191.0
15373,3,[23],"[7, 9]",6754.0
15376,6,[3],"[31, 36, 55, 61, 62]",7221.166666666667
15383,2,[7],[57],8166.0
15385,2,[6],[11],7902.0
15394,2,[11],[19],8042.5
15402,2,[39],[4],7968.5
15407,6,[58],"[31, 32, 33, 45, 49]",7501.666666666667
15419,2,[21],[46],8150.0
15420,3,"[2, 3]",[14],7045.0
15421,2,[52],[57],7202.5
15441,1,[6],[],8078.0
15443,0,[],[],0
15445,2,[5],[14],7988.5
15456,1,[37],[],8177.0
15471,2,[43],[18],6533.5
15472,2,[],"[58, 59]",8158.0
15483,2,[],"[36, 38]",6737.5
15491,0,[],[],0
15542,2,[],"[12, 45]",7810.5
15543,9,[9],"[13, 34, 37, 38, 40, 42, 43, 46]",7789.0
15549,2,[13],[40],6370.5
15556,3,[],"[29, 30, 58]",8168.333333333333
15559,0,[],[],0
15573,1,[],[10],6427.0
15580,2,[7],[53],7326.0
15584,2,[21],[18],8177.5
15589,2,[0],[43],6869.5
15600,2,[],"[49, 50]",6929.0
15607,1,[],[6],7525.0
15622,2,[21],[2],6359.0
15630,3,[7],"[16, 35]",8002.666666666667
15681,4,[3],"[55, 62, 63]",8063.25
15693,2,[1],[6],7700.5
15699,1,[36],[],8179.0
15704,1,[22],[],6868.0
15705,2,[],"[14, 40]",7208.5
15714,2,[7],[21],7851.0
15718,0,[],[],0
15719,0,[],[],0
15721,3,[15],"[32, 50]",8139.0
15722,3,"[5, 6]",[45],7054.0
15723,4,[50],"[51, 52, 63]",6724.75
15724,3,[5],"[42, 61]",6807.666666666667
15725,2,[10],[28],8166.0
15740,2,[28],[10],6867.5
15743,3,"[12, 15]",[5],6915.666666666667
15756,4,[],"[40, 53, 60, 62]",7030.75
15758,5,"[3, 4, 61, 62]",[61],7536.8
15763,6,"[13, 28, 49, 55, 56]",[30],7164.0
15769,2,[26],[21],7662.5
15784,3,"[2, 24]",[25],7277.666666666667
15785,0,[],[],0
15792,0,[],[],0
15800,2,[4],[3],7890.5
15807,6,[15],"[20, 51, 52, 53, 54]",7802.666666666667
15813,4,"[13, 14, 31]",[46],6950.5
15814,1,[27],[],8145.0
15829,1,[28],[],8188.0
15845,1,[],[8],6188.0
15846,3,[],"[9, 13, 15]",7498.0
15860,5,[],"[33, 35, 36, 38, 53]",7541.4
15881,0,[],[],0
15892,1,[32],[],8149.0
15893,0,[],[],0
15894,3,[13],"[25, 26]",6505.0
15896,3,[42],"[29, 34]",6935.333333333333
15912,1,[],[21],8165.0
15919,0,[],[],0
15925,1,[11],[],8191.0
15937,2,[6],[38],6555.5
15954,3,"[23, 24]",[0],7262.333333333333
15976,2,[33],[54],7012.5
15992,2,[],"[62, 63]",8110.0
15996,0,[],[],0
15997,1,[],[60],8191.0
15999,1,[],[44],7204.0
16025,3,[],"[55, 58, 59]",8158.0
16039,2,[24],[17],8191.0
16043,0,[],[],0
16058,4,[],"[30, 33, 38, 44]",7463.5
16060,2,[61],[39],6828.5
16064,2,[26],[59],7018.5
16109,2,[14],[32],7176.5
16120,1,[7],[],8191.0
16121,1,[23],[],6189.0
16128,2,[0],[10],7088.0
16133,6,[],"[36, 38, 53, 54, 61, 62]",7135.833333333333
16137,0,[],[],0
16139,3,[7],"[49, 51]",7084.666666666667
16159,0,[],[],0
16167,0,[],[],0
16171,4,"[9, 10, 14]",[4],7796.25
16172,3,[3],"[43, 48]",8109.0
16173,1,[],[21],6291.0
16183,3,[],"[58, 62, 63]",6988.666666666667
16184,1,[],[57],5574.0
16202,2,[3],[15],7562.5
16203,1,[8],[],8191.0
16221,4,[21],"[30, 39, 63]",7557.0
16239,2,[],"[62, 63]",7373.0
16240,1,[2],[],8133.0
16245,1,[16],[],8150.0
16281,1,[5],[],8191.0
16301,0,[],[],0
16305,2,[32],[45],6937.5
16311,2,[8],[3],6963.0
16313,1,[],[7],6857.0
16320,3,[],"[42, 43, 44]",7798.666666666667
16322,3,"[17, 37]",[8],6299.333333333333
16336,2,[23],[0],7616.5
16340,5,[41],"[20, 37, 42, 43]",7119.2
16357,2,[60],[19],8182.5
16368,2,[],"[54, 56]",7051.5
16371,2,[],"[5, 7]",7365.5
16373,2,[2],[22],6169.5
16374,3,"[13, 34]",[21],7475.0
16386,1,[61],[],6837.0
16389,3,"[6, 7]",[56],8171.333333333333
16397,1,[],[42],6209.0
16400,2,[1],[29],6908.5
16408,2,[4],[54],8142.0
16410,0,[],[],0
16415,2,[0],[13],7214.0
16420,2,[18],[62],8169.0
16443,1,[57],[],7441.0
16451,3,[8],"[28, 34]",7086.666666666667
16452,0,[],[],0
16469,4,[9],"[51, 55, 56]",7729.25
16475,2,[2],[1],6635.0
16487,2,[47],[23],8134.5
16491,7,"[6, 7, 9, 10, 37, 45]",[9],7117.0
16493,1,[59],[],7402.0
16495,2,[31],[18],7825.5
16504,2,[6],[3],6551.5
16505,1,[17],[],8136.0
16510,2,[5],[24],7090.0
16511,1,[],[41],8147.0
16520,1,[0],[],7407.0
16525,5,[8],"[30, 31, 32, 36]",7637.2
16530,0,[],[],0
16536,2,[0],[54],7702.0
16537,3,[],"[8, 18, 21]",7615.666666666667
16541,3,"[13, 14]",[29],7256.666666666667
16542,1,[12],[],6163.0
16546,3,"[18, 19]",[15],7147.666666666667
16559,3,[],"[29, 40, 52]",7091.666666666667
16598,2,[2],[59],8141.5
16600,0,[],[],0
16619,1,[42],[],8149.0
16621,3,"[23, 50]",[62],7810.333333333333
16624,3,"[14, 15]",[16],7579.666666666667
16625,1,[29],[],7866.0
16626,3,"[44, 63]",[40],7668.666666666667
16628,4,[],"[54, 57, 60, 63]",7539.25
16637,3,[0],"[22, 23]",8161.333333333333
16650,2,[23],[23],7957.0
16657,1,[],[63],8062.0
16662,3,[],"[44, 45, 46]",7941.333333333333
16666,2,[4],[20],6976.5
16673,2,[12],[19],7207.0
16679,2,[12],[48],5989.0
16682,0,[],[],0
16688,2,[9],[0],6375.0
16691,2,[6],[38],7430.0
16701,1,[],[63],8191.0
16713,1,[],[25],8163.0
16715,0,[],[],0
16719,2,[34],[0],7383.0
16726,1,[32],[],8149.0
16731,0,[],[],0
16734,1,[],[61],8145.0
16747,2,[2],[10],7129.5
16784,3,"[3, 4]",[54],7501.666666666667
16785,3,"[26, 31]",[21],7314.0
16787,1,[26],[],6978.0
16788,1,[32],[],8149.0
16802,8,[15],"[0, 4, 5, 12, 40, 43, 52]",7140.875
16811,2,[5],[13],6905.0
16825,1,[0],[],7123.0
16827,1,[23],[],8186.0
16828,1,[27],[],8145.0
16834,3,"[1, 2]",[27],7735.666666666667
16845,1,[],[12],8121.0
16851,3,"[0, 1]",[60],7447.0
16855,2,[1],[6],8164.0
16868,2,[6],[43],7215.5
16873,7,[11],"[49, 50, 51, 53, 59, 60]",7628.0
16890,1,[],[59],6721.0
16897,2,[16],[58],7594.0
16899,0,[],[],0
16923,2,[9],[37],6395.5
16925,1,[4],[],5619.0
16926,2,[16],[15],7206.5
16928,2,[29],[6],8151.5
16937,1,[21],[],8164.0
16945,1,[1],[],8157.0
16947,3,[10],"[0, 39]",6699.333333333333
16979,0,[],[],0
16985,0,[],[],0
16997,4,"[10, 42, 46]",[44],7086.75
17003,2,[4],[22],7891.5
17042,1,[21],[],8164.0
17047,2,[25],[57],6133.0
17048,3,[27],"[41, 48]",6378.333333333333
17051,4,[51],"[4, 41, 42]",7137.25
17060,4,[21],"[12, 13, 14]",8142.0
17066,3,[18],"[13, 19]",7780.666666666667
17071,1,[14],[],8148.0
17079,2,[7],[42],7563.5
17094,3,[],"[4, 5, 24]",6864.0
17103,3,"[8, 61]",[62],7679.0
17108,1,[2],[],6004.0
17114,1,[],[63],7690.0
17135,0,[],[],0
17165,5,"[3, 4, 8, 32]",[28],7455.2
17166,1,[],[62],5643.0
17172,1,[39],[],8171.0
17181,3,[25],"[33, 45]",8155.333333333333
17186,4,[],"[53, 54, 55, 57]",8135.75
17195,1,[11],[],7827.0
17211,1,[],[45],8131.0
17212,3,[1],"[14, 17]",8063.333333333333
17222,1,[],[27],7025.0
17224,4,"[8, 11, 42]",[12],7128.75
17239,5,[27],"[37, 38, 54, 55]",7788.6
17243,3,[],"[5, 28, 29]",7863.666666666667
17244,1,[],[32],7828.0
17249,3,[],"[29, 36, 42]",6841.333333333333
17253,2,[],"[32, 40]",7261.0
17263,1,[3],[],8153.0
17269,4,[10],"[50, 52, 54]",7438.75
17276,2,[5],[15],8078.0
17281,1,[4],[],8158.0
17289,1,[13],[],8129.0
17295,2,[],"[28, 40]",7930.5
17298,3,[],"[45, 46, 47]",7833.333333333333
17306,2,[2],[3],8131.5
17315,3,[],"[42, 43, 44]",6768.0
17322,0,[],[],0
17329,2,[9],[57],6866.0
17336,5,[0],"[6, 7, 14, 15]",6806.2
17351,2,[7],[44],8105.5
17376,2,[33],[16],7069.5
17378,4,"[0, 38, 39]",[18],7220.25
17380,0,[],[],0
17394,2,[8],[56],7481.0
17396,3,[37],"[13, 22]",7519.333333333333
17399,2,[10],[26],7064.0
17402,0,[],[],0
17411,2,[6],[7],7158.5
17420,3,"[3, 4]",[43],8167.333333333333
17426,2,[7],[32],6990.5
17443,1,[11],[],7471.0
17466,1,[],[12],7271.0
17467,3,[27],"[49, 63]",7581.0
17475,1,[0],[],8191.0
17485,1,[9],[],6203.0
17488,2,[11],[16],7699.5
17490,3,[16],"[8, 27]",7953.666666666667
17494,3,[48],"[28, 34]",7729.333333333333
17496,0,[],[],0
17503,4,[2],"[28, 30, 31]",8158.5
17525,5,"[1, 2, 4, 5]",[60],7993.0
17536,0,[],[],0
17538,2,[6],[32],7824.5
17556,4,[22],"[10, 48, 62]",7703.75
17579,2,[6],[37],6614.0
17585,2,[42],[34],8168.5
17589,1,[52],[],8121.0
17597,2,[49],[56],8164.0
17606,3,[10],"[19, 21]",8169.333333333333
17633,2,[],"[14, 21]",6965.0
17642,3,[0],"[53, 55]",7999.666666666667
17652,3,[1],"[18, 28]",7458.333333333333
17658,3,[],"[45, 46, 47]",7532.0
17665,1,[0],[],8191.0
17666,1,[],[28],6924.0
17675,3,"[11, 12]",[35],8169.0
17678,1,[2],[],6986.0
17683,2,[3],[36],7185.5
17685,3,"[11, 12]",[24],7372.333333333333
17688,0,[],[],0
17693,2,[21],[31],7564.5
17694,3,[],"[12, 13, 14]",6754.666666666667
17696,2,[54],[63],7200.0
17706,0,[],[],0
17724,3,[],"[50, 51, 57]",6879.666666666667
17735,4,[7],"[10, 14, 15]",7979.5
17740,1,[6],[],8178.0
17742,3,"[7, 8]",[13],6798.666666666667
17747,2,[10],[38],6866.5
17758,1,[0],[],5959.0
17763,5,[15],"[20, 27, 35, 58]",7217.0
17778,3,"[6, 8]",[0],7437.0
17779,0,[],[],0
17780,1,[19],[],7297.0
17803,2,[32],[25],7311.5
17810,2,[19],[40],7802.5
17819,15,"[34, 35, 36, 37, 38, 39, 40, 41, 48, 49, 50, 51, 52, 53]",[1],7381.066666666667
17838,1,[0],[],7132.0
17855,3,"[16, 19]",[16],7500.0
17859,0,[],[],0
17864,0,[],[],0
17875,0,[],[],0
17877,0,[],[],0
17878,1,[39],[],8171.0
17882,1,[],[57],8141.0
17896,4,[26],"[38, 50, 62]",7361.5
17913,1,[],[40],8165.0
17915,4,"[11, 12, 13]",[6],7536.0
17920,3,"[1, 10]",[12],8149.0
17931,2,[0],[14],7392.0
17933,0,[],[],0
17935,0,[],[],0
17942,2,[5],[13],7741.0
17944,4,[],"[56, 57, 61, 62]",8150.25
17953,3,[1],"[9, 11]",7289.666666666667
17957,1,[39],[],6282.0
17958,4,"[4, 12, 30]",[19],7513.25
17964,0,[],[],0
17967,0,[],[],0
17970,4,[],"[52, 57, 58, 59]",6778.75
17973,2,[4],[46],8147.0
17983,0,[],[],0
17996,0,[],[],0
18003,1,[29],[],8132.0
18020,2,[16],[18],7173.0
18023,1,[],[4],6837.0
18028,4,[38],"[30, 32, 38]",7375.25
18030,2,[50],[57],6687.5
18040,3,[27],"[17, 18]",7256.666666666667
18051,2,[5],[9],8183.5
18052,2,[36],[23],7832.0
18056,2,[14],[56],8146.5
18064,2,[],"[57, 61]",7690.0
18070,6,[],"[34, 35, 36, 37, 50, 51]",7770.5
18073,2,[],"[37, 43]",7356.5
18075,1,[11],[],8191.0
18091,3,"[0, 43]",[41],7756.666666666667
18094,2,[8],[37],6878.5
18095,1,[],[3],5690.0
18101,2,[],"[18, 19]",8182.5
18105,0,[],[],0
18106,0,[],[],0
18121,1,[],[15],8188.0
18122,1,[40],[],8191.0
18133,2,[20],[52],6853.5
18134,3,"[10, 49]",[16],8019.666666666667
18154,1,[37],[],8177.0
18162,2,[],"[9, 36]",7021.5
18175,6,[20],"[39, 41, 43, 44, 52]",7518.833333333333
18200,5,[28],"[6, 24, 25, 33]",7296.8
18204,1,[31],[],6644.0
18209,3,"[1, 2]",[22],7307.0
18216,5,[0],"[27, 31, 32, 43]",8133.8
18219,2,[1],[37],6536.0
18220,3,"[7, 47]",[35],7636.666666666667
18225,2,[11],[52],7420.5
18227,1,[],[16],7465.0
18230,2,[14],[25],8155.5
18231,1,[],[35],8143.0
18246,2,[],"[50, 51]",6615.0
18249,0,[],[],0
18256,0,[],[],0
18264,0,[],[],0
18266,4,[5],"[40, 44, 55]",7371.5
18292,0,[],[],0
18293,4,"[2, 3, 22]",[47],8150.25
18298,4,[22],"[15, 16, 28]",7585.0
18319,2,[8],[52],7250.5
18324,1,[63],[],6528.0
18325,3,[0],"[54, 60]",7568.666666666667
18326,2,[9],[45],7680.0
18330,1,[49],[],7988.0
18334,2,[26],[2],7063.5
18339,1,[],[49],8191.0
18353,2,[15],[58],7545.0
18355,2,[29],[15],8160.0
18364,0,[],[],0
18365,2,[],"[43, 56]",7408.0
18367,1,[7],[],8191.0
18372,1,[30],[],8049.0
18374,1,[],[13],5969.0
18395,3,"[12, 15]",[22],8078.666666666667
18401,1,[],[23],8122.0
18402,5,[],"[34, 35, 36, 41, 48]",6888.4
18413,3,[],"[58, 59, 60]",7541.333333333333
18422,2,[4],[20],7062.0
18427,1,[38],[],7464.0
18442,2,[14],[12],7017.5
18473,3,[1],"[17, 62]",7738.666666666667
18475,4,[],"[17, 29, 30, 39]",7763.0
18477,1,[],[40],7211.0
18480,1,[],[43],8191.0
18485,2,[3],[8],7154.0
18488,2,[48],[1],6686.0
18495,2,[12],[21],7282.5
18498,0,[],[],0
18500,5,[18],"[17, 37, 38, 39]",8147.0
18507,0,[],[],0
18508,1,[],[39],8149.0
18510,2,[60],[44],6380.5
18517,2,[31],[53],7277.0
18529,3,[5],"[57, 58]",7247.0
18540,2,[0],[58],7248.5
18553,2,[10],[29],8158.5
18571,4,[2],"[54, 55, 62]",7654.25
18576,0,[],[],0
18581,3,"[10, 11]",[33],7749.0
18583,1,[38],[],6364.0
18596,0,[],[],0
18609,3,"[3, 4]",[18],7325.666666666667
18617,0,[],[],0
18626,6,"[4, 5, 6, 25, 27]",[29],7701.833333333333
18635,2,[],"[7, 8]",8135.5
18640,1,[33],[],8157.0
18654,0,[],[],0
18681,1,[22],[],7013.0
18688,0,[],[],0
18704,1,[14],[],8148.0
18714,3,[18],"[7, 17]",7698.333333333333
18715,3,[],"[31, 33, 34]",7873.333333333333
18716,3,"[3, 4]",[5],7420.0
18719,2,[2],[50],7296.0
18733,4,"[5, 12, 21]",[37],7671.75
18742,1,[],[17],7280.0
18746,3,"[25, 26]",[58],6647.333333333333
18760,0,[],[],0
18761,1,[],[31],8147.0
18769,6,[],"[15, 20, 22, 23, 24, 25]",7182.833333333333
18774,2,[],"[52, 53]",6627.0
18780,1,[18],[],8168.0
18791,6,[],"[48, 50, 51, 54, 55, 56]",8153.833333333333
18801,1,[],[4],6824.0
18804,1,[28],[],8188.0
18819,4,[12],"[53, 54, 58]",7023.25
18821,2,[],"[10, 18]",7044.5
18829,2,[0],[46],7251.0
18837,3,[19],"[22, 23]",7331.0
18840,2,[27],[15],7169.0
18841,2,[37],[15],8026.0
18849,1,[],[3],5998.0
18850,2,[],"[18, 19]",6868.5
18852,0,[],[],0
18856,5,[],"[34, 35, 38, 40, 41]",7793.0
18860,3,"[31, 41]",[39],7292.666666666667
18880,1,[3],[],8153.0
18902,6,"[30, 31, 34, 35, 36]",[6],7023.166666666667
18917,3,[46],"[40, 41]",7818.666666666667
18918,2,[],"[38, 39]",6476.5
18924,0,[],[],0
18944,1,[5],[],8191.0
18948,5,[0],"[45, 46, 47, 49]",7742.4
18951,2,[29],[15],7572.5
18955,3,"[5, 6]",[1],8168.0
18958,4,"[4, 5, 48]",[61],7489.0
18964,6,"[1, 5, 13, 14, 15]",[43],6894.333333333333
18967,2,[],"[45, 47]",7596.0
18971,2,[49],[3],8156.5
18974,1,[27],[],8145.0
18976,0,[],[],0
18978,2,[7],[44],7330.0
18986,4,[],"[50, 51, 52, 53]",6870.0
18990,1,[],[40],6035.0
18991,2,[2],[39],5888.0
19019,4,"[4, 6, 9]",[34],7189.0
19023,0,[],[],0
19030,1,[0],[],8191.0
19035,1,[23],[],8186.0
19038,0,[],[],0
19048,1,[],[7],5653.0
19052,1,[23],[],8186.0
19057,1,[0],[],7863.0
19079,2,[14],[28],7814.0
19084,3,"[10, 31]",[22],8050.333333333333
19102,2,[38],[47],8025.0
19107,1,[],[33],6013.0
19113,1,[1],[],5911.0
19119,1,[8],[],8191.0
19125,1,[],[51],8191.0
19137,5,[25],"[16, 46, 47, 51]",7836.0
19145,2,[41],[40],6025.5
19150,6,"[4, 5, 13, 14, 18]",[22],8084.5
19155,3,[],"[23, 33, 34]",7489.0
19158,3,[41],"[44, 60]",7339.666666666667
19186,1,[25],[],7635.0
19187,4,[25],"[24, 49, 54]",7326.5
19188,2,[],"[17, 31]",7361.5
19199,3,"[14, 58]",[13],6972.666666666667
19205,3,"[4, 6]",[3],7557.0
19206,2,[3],[26],7957.5
19226,2,[12],[15],8114.0
19233,1,[45],[],8173.0
19255,2,[25],[56],7624.0
19265,3,[3],"[39, 52]",8154.333333333333
19266,1,[],[9],7096.0
19267,0,[],[],0
19286,3,"[5, 50]",[18],6646.333333333333
19292,1,[24],[],6698.0
19305,2,[18],[4],6966.0
19306,3,[39],"[62, 63]",7673.666666666667
19308,2,[15],[47],6891.0
19326,2,[14],[2],7108.5
19334,0,[],[],0
19335,2,[13],[52],8109.0
19337,2,[28],[14],8189.5
19352,4,"[5, 6, 32]",[26],8168.5
19367,4,"[0, 1, 8]",[28],7425.75
19387,4,"[11, 44, 60]",[2],7576.25
19397,3,[0],"[19, 21]",8176.666666666667
19400,2,[1],[40],8085.0
19407,1,[],[63],7042.0
19411,0,[],[],0
19422,3,"[21, 22]",[29],7772.666666666667
19436,2,[25],[22],6693.0
19447,2,[],"[39, 41]",5588.5
19452,1,[],[53],7461.0
19455,1,[28],[],8188.0
19456,5,[],"[26, 27, 31, 32, 45]",7896.0
19457,2,[],"[44, 45]",8131.5
19460,3,"[28, 51]",[4],7770.666666666667
19483,2,[28],[16],7561.5
19486,1,[],[63],8191.0
19489,3,"[1, 39]",[8],7327.333333333333
19499,2,[10],[35],7966.5
19500,1,[],[63],8191.0
19504,3,[0],"[41, 57]",6992.0
19507,1,[],[43],5840.0
19517,1,[9],[],8191.0
19528,1,[],[57],8141.0
19534,1,[7],[],6298.0
19547,1,[18],[],8168.0
19551,2,[12],[5],7252.0
19572,4,"[0, 1, 4]",[35],7825.0
19577,1,[],[57],6344.0
19582,2,[8],[18],7030.0
19585,3,[21],"[13, 16]",6533.0
19587,1,[44],[],5952.0
19591,3,[15],"[19, 23]",7490.0
19595,2,[20],[19],7123.5
19598,2,[46],[35],7434.0
19606,0,[],[],0
19635,2,[41],[53],7443.0
19639,0,[],[],0
19648,0,[],[],0
19657,6,[1],"[10, 19, 24, 27, 28]",7148.333333333333
19658,1,[6],[],7179.0
19660,2,[3],[5],6893.0
19669,1,[14],[],8148.0
19671,2,[29],[3],7765.5
19678,5,[],"[33, 34, 35, 38, 39]",7584.2
19682,1,[],[15],8188.0
19686,2,[11],[40],7784.5
19691,2,[8],[17],7633.5
19698,2,[44],[23],7755.0
19702,2,[11],[44],7193.0
19707,2,[5],[24],7160.0
19723,2,[0],[42],6399.0
19727,1,[],[45],6613.0
19734,2,[23],[10],7811.0
19739,0,[],[],0
19740,0,[],[],0
19782,1,[],[15],8188.0
19784,2,[10],[23],7344.5
19790,6,[],"[34, 35, 36, 37, 38, 39]",8153.833333333333
19801,2,[11],[43],7816.5
19806,0,[],[],0
19820,3,"[4, 24]",[42],6633.0
19823,1,[0],[],8191.0
19832,3,"[11, 12]",[58],7364.333333333333
19836,6,[43],"[30, 38, 46, 54, 55]",7523.333333333333
19838,2,[63],[8],7639.5
19845,3,[],"[33, 37, 49]",6773.666666666667
19874,2,[3],[16],6994.5
19891,2,[40],[2],7023.5
19899,2,[0],[38],7869.0
19900,3,[7],"[37, 48]",7658.0
19906,2,[12],[16],5858.5
19910,1,[],[17],7362.0
19920,1,[6],[],7497.0
19921,2,[8],[39],6453.5
19925,2,[0],[48],7434.5
19941,0,[],[],0
19944,2,[32],[25],8156.0
19974,1,[5],[],8191.0
19975,1,[],[44],7665.0
20006,4,[],"[57, 58, 60, 62]",6362.75
20015,2,[38],[54],7877.5
20017,3,[5],"[6, 23]",7580.666666666667
20022,2,[9],[26],6099.5
20031,2,[2],[13],7424.0
20037,0,[],[],0
20038,0,[],[],0
20045,2,[23],[0],7998.0
20073,4,"[5, 20, 53]",[58],7392.25
20077,0,[],[],0
20087,0,[],[],0
20089,0,[],[],0
20097,0,[],[],0
20108,6,[],"[38, 41, 42, 43, 45, 50]",7714.833333333333
20125,4,[],"[58, 59, 60, 61]",6736.75
20129,2,[5],[12],6224.0
20139,3,"[2, 9]",[48],8073.333333333333
20142,2,[18],[49],7635.0
20146,3,"[24, 55]",[19],7758.333333333333
20148,1,[9],[],8191.0
20167,2,[5],[44],5825.0
20174,2,[21],[38],8158.0
20195,2,[],"[52, 55]",7791.5
20211,3,"[3, 23]",[42],7840.0
20230,2,[24],[20],7330.5
20231,2,[],"[54, 63]",8158.5
20239,1,[23],[],8186.0
20254,1,[18],[],6661.0
20262,1,[],[61],7538.0
20268,2,[39],[29],7073.5
20283,1,[3],[],8153.0
20289,1,[5],[],8191.0
20290,0,[],[],0
20294,1,[26],[],8164.0
20295,3,[],"[20, 25, 31]",6648.666666666667
20299,3,[4],"[41, 60]",7142.0
20314,0,[],[],0
20315,0,[],[],0
20334,2,[4],[45],8144.5
20341,1,[15],[],8126.0
20346,2,[17],[20],7730.0
20349,3,"[7, 13]",[47],7840.333333333333
20351,0,[],[],0
20358,0,[],[],0
20380,0,[],[],0
20409,3,[1],"[38, 41]",7469.0
20415,3,"[1, 2]",[46],6969.666666666667
20417,4,[],"[18, 36, 37, 38]",7282.5
20420,0,[],[],0
20427,0,[],[],0
20444,3,"[6, 32]",[42],7476.333333333333
20446,0,[],[],0
20459,4,[35],"[32, 36, 37]",7256.0
20467,2,[12],[17],7883.5
20468,0,[],[],0
20470,3,"[22, 32]",[39],8148.666666666667
20472,4,"[2, 3, 30]",[12],7353.75
20475,3,"[0, 1]",[55],7378.0
20476,2,[57],[48],7796.5
20478,4,[3],"[5, 9, 11]",7806.75
20490,4,[3],"[23, 34, 37]",7540.5
20491,2,[22],[53],8133.0
20503,4,[18],"[11, 40, 52]",8146.0
20507,0,[],[],0
20508,2,[],"[9, 10]",7508.5
20513,1,[4],[],8158.0
20518,0,[],[],0
20522,0,[],[],0
20524,2,[0],[11],8191.0
20526,4,"[1, 2, 10]",[9],6735.5
20527,3,"[8, 19]",[44],8143.666666666667
20535,3,[5],"[15, 19]",7177.333333333333
20558,2,[11],[23],7234.0
20567,2,[13],[41],6969.0
20568,3,"[2, 37]",[29],7676.666666666667
20569,1,[],[60],5972.0
20578,3,[9],"[17, 18]",7834.666666666667
20597,3,"[0, 1]",[27],7784.666666666667
20606,1,[],[24],8155.0
20613,2,[23],[8],6867.5
20623,1,[0],[],8017.0
20637,4,"[25, 26, 37]",[30],7319.5
20640,1,[48],[],8137.0
20641,1,[20],[],8191.0
20644,2,[11],[13],7459.5
20647,3,[],"[2, 6, 8]",7379.666666666667
20650,2,[21],[17],6818.0
20663,2,[30],[51],7140.0
20668,3,"[22, 26]",[22],7102.333333333333
20699,3,[2],"[22, 32]",7283.0
20703,2,[0],[19],8182.5
20706,3,"[13, 30]",[48],8123.0
20707,1,[23],[],8186.0
20712,3,"[4, 46]",[10],8172.0
20717,2,[23],[10],7789.5
20736,0,[],[],0
20740,2,[19],[8],7519.5
20741,2,[1],[5],7226.5
20749,2,[],"[7, 32]",8150.0
20752,8,[8],"[35, 37, 38, 39, 40, 41, 43]",7130.125
20758,1,[],[36],6610.0
20762,1,[53],[],8191.0
20765,0,[],[],0
20777,0,[],[],0
20800,1,[24],[],8191.0
20805,3,[0],"[46, 47]",8164.666666666667
20818,1,[],[47],6437.0
20820,0,[],[],0
20826,2,[13],[57],8135.0
20830,4,[0],"[48, 49, 50]",7506.25
20836,1,[],[63],8191.0
20841,0,[],[],0
20842,4,[],"[14, 17, 22, 58]",7279.5
20843,0,[],[],0
20860,3,"[28, 45]",[25],7405.666666666667
20867,4,[3],"[39, 42, 46]",8149.5
20870,0,[],[],0
20878,1,[21],[],8164.0
20882,0,[],[],0
20888,0,[],[],0
20893,3,"[3, 4]",[45],7114.0
20894,2,[],"[47, 60]",6885.0
20912,3,"[2, 3]",[4],6086.333333333333
20913,1,[8],[],6566.0
20918,3,[],"[56, 57, 58]",7688.0
20919,2,[56],[8],6129.5
20920,2,[11],[56],8009.0
20923,2,[],"[58, 59]",6992.0
20930,2,[9],[33],7902.0
20940,1,[8],[],8191.0
20946,1,[8],[],8096.0
20959,2,[10],[16],8139.5
20975,1,[23],[],8131.0
20979,6,[0],"[39, 49, 54, 55, 58]",7066.666666666667
20989,2,[6],[3],7040.0
20992,3,[5],"[18, 19]",7446.0
20997,5,[38],"[35, 37, 43, 47]",7533.8
21000,1,[12],[],7868.0
21015,2,[24],[0],7643.0
21030,1,[],[24],6304.0
21031,2,[11],[48],7089.0
21051,0,[],[],0
21077,2,[22],[6],7534.0
21080,1,[],[63],7394.0
21091,1,[1],[],8157.0
21104,3,[28],"[31, 46]",7684.0
21108,1,[],[53],6966.0
21122,1,[],[28],7541.0
21125,4,"[16, 26, 27]",[28],7857.25
21128,1,[7],[],8191.0
21138,4,[38],"[20, 51, 57]",7990.5
21139,2,[37],[36],6248.0
21140,2,[27],[20],6569.0
21142,0,[],[],0
21154,2,[14],[11],6855.0
21155,2,[],"[23, 24]",7742.0
21173,0,[],[],0
21190,4,[],"[32, 33, 35, 36]",8155.75
21192,6,[1],"[25, 29, 30, 31, 37]",7277.333333333333
21194,3,"[17, 18]",[21],6733.666666666667
21198,2,[11],[22],7962.5
21204,3,"[2, 23]",[44],7721.333333333333
21205,2,[25],[9],7665.0
21226,2,[13],[28],6495.5
21231,0,[],[],0
21235,3,[8],"[36, 49]",7357.333333333333
21238,3,[],"[36, 37, 39]",6624.0
21248,1,[],[49],8191.0
21249,2,[6],[46],8157.0
21252,4,[],"[57, 58, 59, 60]",8162.0
21255,2,[15],[4],7866.0
21258,3,[12],"[3, 48]",6980.333333333333
21280,4,[10],"[29, 34, 58]",7010.0
21289,3,"[17, 37]",[4],8133.333333333333
21292,0,[],[],0
21298,0,[],[],0
21309,1,[5],[],8191.0
21310,2,[44],[29],7362.0
21315,2,[0],[7],7026.5
21322,5,[42],"[28, 29, 30, 31]",7286.0
21330,3,"[0, 12]",[63],7651.666666666667
21333,5,[],"[49, 50, 51, 52, 58]",7843.4
21351,1,[15],[],8126.0
21366,1,[],[25],8163.0
21377,3,[],"[19, 40, 41]",6937.333333333333
21389,1,[24],[],7683.0
21391,5,[10],"[43, 49, 50, 51]",7901.6
21392,3,[3],"[2, 17]",8078.666666666667
21401,2,[53],[44],7031.5
21411,1,[],[13],7980.0
21431,5,[],"[55, 56, 57, 58, 59]",6990.2
21450,1,[2],[],8133.0
21452,1,[],[56],7936.0
21457,1,[],[52],8161.0
21458,3,[22],"[43, 54]",7998.333333333333
21460,4,[8],"[32, 52, 58]",7816.75
21469,2,[6],[27],6548.5
21485,2,[],"[15, 33]",6825.5
21488,3,"[0, 1]",[60],7183.0
21494,1,[0],[],6821.0
21496,4,[20],"[31, 32, 40]",7403.75
21500,1,[13],[],6249.0
21514,2,[],"[52, 53]",7422.0
21517,2,[],"[8, 9]",7172.5
21525,1,[13],[],7169.0
21529,4,[9],"[4, 20, 34]",7604.5
21544,1,[],[23],5937.0
21557,3,[0],"[25, 26]",8170.0
21564,0,[],[],0
21574,4,[1],"[41, 46, 53]",7279.25
21575,0,[],[],0
21578,2,[9],[5],6533.0
21584,2,[2],[40],8149.0
21585,0,[],[],0
21595,3,"[25, 56]",[63],8003.333333333333
21598,4,[0],"[50, 51, 52]",7845.5
21601,0,[],[],0
21606,5,[],"[10, 11, 12, 13, 14]",7836.4
21617,1,[],[28],8163.0
21624,2,[11],[12],7227.5
21633,4,"[3, 4, 61]",[22],6829.75
21656,3,"[3, 4]",[53],7738.0
21666,2,[7],[59],6108.0
21670,2,[2],[12],7837.5
21672,3,[12],"[11, 12]",6843.666666666667
21673,1,[],[53],5903.0
21676,5,[7],"[16, 17, 18, 37]",7606.2
21678,3,[14],"[25, 26]",7124.0
21682,2,[39],[9],8173.5
21690,4,[],"[51, 52, 53, 54]",7222.25
21693,2,[14],[0],7019.5
21699,2,[],"[62, 63]",6561.0
21707,2,[3],[42],8156.5
21723,3,"[3, 8]",[13],7292.666666666667
21727,3,"[18, 20]",[61],6895.0
21730,2,[27],[18],7896.0
21738,2,[1],[18],7839.5
21758,2,[],"[58, 59]",7954.0
21759,2,[8],[13],7474.0
21761,2,[21],[25],8163.5
21765,5,[29],"[41, 57, 58, 59]",7614.8
21785,1,[3],[],8153.0
21787,2,[28],[17],8061.0
21794,0,[],[],0
21800,4,[13],"[38, 41, 42]",7475.0
21805,2,[28],[21],7804.5
21812,2,[31],[14],8160.5
21826,3,[12],"[21, 36]",7056.666666666667
21837,1,[23],[],8186.0
21839,9,[],"[52, 53, 54, 55, 56, 57, 58, 59, 60]",7201.444444444444
21854,3,"[9, 12]",[56],6909.0
21855,4,[4],"[36, 37, 41]",7736.75
21856,5,[49],"[11, 12, 36, 37]",7639.6
21864,2,[22],[6],6849.5
21873,5,[],"[54, 60, 61, 62, 63]",7627.8
21877,3,[8],"[0, 5]",7161.0
21880,1,[42],[],8149.0
21888,3,[8],"[14, 15]",8190.0
21890,2,[],"[32, 55]",8168.5
21891,0,[],[],0
21898,3,[0],"[42, 44]",7168.666666666667
21900,1,[0],[],8191.0
21910,5,[],"[49, 50, 51, 58, 59]",8162.0
21912,2,[1],[57],7422.5
21915,5,"[13, 14, 17, 55]",[43],7331.2
21919,0,[],[],0
21961,2,[],"[11, 12]",8156.0
21976,1,[4],[],6343.0
21979,0,[],[],0
21991,0,[],[],0
21992,1,[7],[],8191.0
21996,4,[],"[15, 17, 19, 22]",7202.75
22012,2,[40],[56],8168.0
22018,1,[25],[],7100.0
22021,0,[],[],0
22025,2,[20],[14],8032.0
22033,6,[4],"[23, 26, 27, 38, 39]",7587.166666666667
22050,0,[],[],0
22053,1,[18],[],8168.0
22068,3,[],"[56, 57, 58]",7815.333333333333
22084,2,[10],[23],7194.5
22097,3,[25],"[24, 32]",7629.0
22130,1,[],[56],5913.0
22134,4,[27],"[42, 43, 44]",7542.0
22135,2,[],"[30, 39]",7110.0
22146,5,[],"[51, 52, 53, 54, 55]",7382.6
22153,2,[2],[21],7066.5
22163,1,[1],[],8157.0
22169,3,"[24, 25]",[23],7237.333333333333
22170,2,[],"[6, 10]",7045.5
22171,1,[1],[],8157.0
22196,2,[],"[50, 53]",7921.0
22202,1,[],[8],7341.0
22206,0,[],[],0
22217,2,[],"[34, 35]",6698.5
22258,3,[20],"[1, 2]",6839.333333333333
22262,5,"[1, 2, 7, 8]",[5],7484.0
22266,3,"[5, 26]",[28],7432.333333333333
22267,0,[],[],0
22268,0,[],[],0
22273,0,[],[],0
22284,2,[24],[15],8189.5
22286,2,[],"[59, 60]",6614.5
22290,4,[],"[34, 41, 47, 48]",6992.25
22303,3,"[1, 2]",[60],7731.0
22306,2,[9],[10],7109.5
22311,0,[],[],0
22318,1,[4],[],8158.0
22332,0,[],[],0
22337,2,[21],[25],7907.5
22338,1,[18],[],8168.0
22354,3,"[9, 36]",[55],7550.0
22361,1,[7],[],8067.0
22380,2,[],"[40, 47]",6665.0
22382,1,[],[14],8191.0
22387,4,[0],"[28, 29, 30]",7806.75
22397,3,[44],"[62, 63]",7798.333333333333
22398,4,"[1, 12, 31]",[27],7226.5
22402,3,"[2, 3]",[16],7202.333333333333
22404,2,[],"[26, 31]",6009.0
22406,2,[],"[53, 63]",6609.5
22430,4,[43],"[13, 30, 60]",6914.5
22432,1,[],[26],6349.0
22437,1,[7],[],8191.0
22448,1,[],[36],8137.0
22450,3,[28],"[50, 51]",7310.333333333333
22455,0,[],[],0
22458,0,[],[],0
22461,2,[0],[11],6558.5
22464,3,"[8, 9]",[21],5709.333333333333
22483,1,[12],[],8173.0
22486,2,[16],[20],8152.0
22487,5,[],"[52, 53, 54, 55, 58]",7719.6
22499,1,[],[25],8163.0
22501,3,"[4, 19]",[19],7224.666666666667
22504,3,[47],"[5, 6]",7628.0
22513,0,[],[],0
22521,1,[9],[],8191.0
22535,3,[18],"[5, 13]",7645.333333333333
22543,6,[],"[51, 53, 54, 55, 56, 57]",7911.0
22549,2,[],"[59, 60]",5588.0
22555,0,[],[],0
22566,4,[23],"[49, 50, 51]",7742.75
22580,5,[1],"[29, 35, 40, 41]",7702.8
22587,3,"[4, 5]",[21],7643.0
22596,4,[0],"[37, 51, 52]",7290.75
22603,3,"[13, 26]",[60],6878.333333333333
22608,3,"[1, 29]",[21],7995.0
22619,3,"[2, 4]",[6],8154.0
22621,1,[],[57],8141.0
22631,3,"[12, 13]",[48],7164.333333333333
22633,1,[],[62],5699.0
22645,2,[],"[25, 26]",7277.5
22648,2,[],"[35, 58]",8154.5
22649,3,[0],"[62, 63]",7990.333333333333
22663,4,[0],"[56, 57, 58]",7512.75
22675,7,[41],"[39, 40, 41, 45, 46, 55]",7623.571428571428
22681,1,[48],[],6086.0
22686,1,[],[19],6269.0
22694,4,"[5, 19, 20]",[43],7322.75
22708,1,[],[60],7640.0
22718,1,[],[61],6118.0
22730,2,[0],[21],6410.0
22734,5,[16],"[39, 40, 41, 42]",8154.2
22738,2,[15],[58],7636.0
22743,4,[1],"[28, 29, 46]",7577.25
22755,1,[0],[],6980.0
22757,0,[],[],0
22765,0,[],[],0
22766,3,"[29, 30]",[11],7950.0
22778,1,[],[45],8131.0
22781,2,[3],[18],7987.0
22785,0,[],[],0
22798,3,[],"[9, 17, 18]",7777.333333333333
22803,1,[23],[],5689.0
22815,6,[2],"[29, 30, 61, 62, 63]",7470.0
22823,0,[],[],0
22824,1,[],[23],6583.0
22835,0,[],[],0
22845,4,[29],"[15, 16, 38]",7746.0
22847,1,[60],[],8191.0
22857,1,[],[61],8145.0
22858,2,[],"[7, 25]",8134.5
22869,2,[32],[16],8129.5
22870,3,"[3, 4]",[50],6897.666666666667
22877,2,[19],[60],7199.5
22893,2,[54],[21],7620.0
22894,1,[],[49],8191.0
22895,7,[],"[19, 23, 24, 27, 28, 29, 33]",7807.142857142857
22899,1,[9],[],6540.0
22901,3,[33],"[3, 57]",7391.0
22915,1,[19],[],8108.0
22916,3,"[4, 13]",[26],7884.666666666667
22918,3,[],"[37, 38, 46]",6938.333333333333
22923,2,[52],[26],7736.5
22924,1,[19],[],8108.0
22927,2,[11],[55],6926.0
22931,1,[],[49],6441.0
22935,3,"[20, 21]",[51],8182.0
22937,3,"[3, 40]",[39],7819.666666666667
22947,2,[33],[13],7447.0
22961,2,[],"[42, 43]",8175.5
22976,3,[18],"[19, 60]",7456.666666666667
22977,2,[],"[62, 63]",6848.5
22980,3,"[0, 19]",[34],7459.333333333333
22986,3,[1],"[43, 44]",7869.666666666667
22994,1,[46],[],8167.0
23005,3,[2],"[12, 13]",8140.333333333333
23017,2,[24],[23],6349.0
23064,1,[27],[],8145.0
23079,0,[],[],0
23083,2,[13],[0],7735.0
23087,4,[],"[57, 58, 59, 61]",8150.5
23088,2,[8],[46],7957.5
23101,3,[20],"[33, 36]",8164.0
23102,3,"[34, 35]",[10],5887.666666666667
23106,2,[13],[18],7324.0
23110,3,"[13, 60]",[59],6698.666666666667
23115,1,[19],[],8108.0
23118,1,[],[55],8158.0
23120,2,[44],[0],8157.5
23143,2,[7],[58],7371.0
23157,2,[],"[14, 18]",6981.0
23158,1,[],[44],7181.0
23163,0,[],[],0
23168,1,[21],[],8060.0
23187,2,[],"[23, 24]",7831.0
23198,3,[16],"[46, 51]",7765.0
23208,4,"[4, 7, 19]",[37],8118.25
23213,0,[],[],0
23217,0,[],[],0
23218,0,[],[],0
23221,2,[4],[47],6946.0
23238,1,[40],[],8191.0
23239,1,[5],[],7246.0
23247,2,[1],[6],7778.5
23249,1,[33],[],6619.0
23264,10,[9],"[43, 45, 46, 47, 49, 51, 53, 55, 57]",7844.6
23284,2,[],"[61, 62]",7018.0
23302,1,[],[62],5679.0
23305,2,[],"[62, 63]",8180.5
23308,3,[8],"[11, 12]",6805.333333333333
23320,1,[25],[],8171.0
23332,3,"[8, 17]",[51],7604.333333333333
23337,1,[],[44],6214.0
23343,2,[],"[18, 44]",5831.0
23352,0,[],[],0
23357,2,[],"[54, 55]",7912.0
23376,0,[],[],0
23377,2,[19],[19],8141.0
23388,2,[5],[46],7202.0
23390,6,[23],"[36, 37, 38, 39, 45]",7800.5
23393,2,[],"[21, 22]",8168.0
23396,3,[],"[44, 54, 55]",7429.666666666667
23404,0,[],[],0
23414,2,[],"[56, 57]",8143.0
23429,1,[18],[],8168.0
23434,1,[7],[],8191.0
23441,5,[17],"[20, 25, 26, 53]",7328.4
23450,4,[],"[29, 30, 31, 32]",7426.75
23454,2,[10],[53],8143.5
23465,2,[62],[56],8000.5
23476,1,[19],[],7115.0
23479,0,[],[],0
23481,1,[30],[],7486.0
23494,1,[15],[],8126.0
23495,2,[5],[8],7239.5
23503,4,[23],"[13, 32, 33]",7426.0
23505,2,[12],[60],7127.5
23508,3,"[2, 3]",[17],8159.0
23541,3,"[6, 7]",[5],8167.666666666667
23549,1,[6],[],6237.0
23556,2,[6],[14],7874.0
23558,0,[],[],0
23561,2,[],"[25, 26]",8159.5
23562,0,[],[],0
23574,2,[49],[40],8113.0
23580,0,[],[],0
23585,1,[21],[],7848.0
23591,1,[9],[],7210.0
23607,6,[14],"[31, 32, 34, 35, 36]",7875.666666666667
23616,6,[3],"[44, 54, 55, 56, 62]",6823.5
23618,1,[],[42],6906.0
23621,5,[7],"[40, 46, 51, 52]",6663.4
23628,1,[10],[],8169.0
23635,3,[],"[36, 42, 43]",6372.0
23639,2,[38],[0],7719.5
23641,1,[51],[],5958.0
23648,2,[40],[4],7812.0
23657,1,[11],[],8136.0
23658,2,[31],[12],8125.5
23669,2,[4],[11],8174.5
23687,0,[],[],0
23689,0,[],[],0
23694,0,[],[],0
23699,0,[],[],0
23701,2,[63],[3],7444.5
23716,1,[],[3],6494.0
23727,1,[23],[],5550.0
23736,0,[],[],0
23749,3,"[5, 56]",[33],7167.333333333333
23750,2,[7],[44],7753.0
23753,3,[10],"[42, 43]",6745.666666666667
23754,1,[],[26],6400.0
23760,3,[17],"[46, 47]",7465.0
23761,0,[],[],0
23762,2,[21],[17],7388.5
23765,10,[],"[25, 35, 36, 37, 38, 39, 42, 43, 45, 53]",7648.0
23771,0,[],[],0
23773,2,[17],[11],8163.5
23775,2,[8],[4],8139.0
23780,2,[20],[52],8176.0
23786,2,[],"[39, 53]",6731.5
23787,2,[21],[16],7594.0
23803,7,[],"[17, 18, 19, 21, 22, 26, 37]",7788.285714285715
23810,1,[30],[],8049.0
23811,3,"[9, 10]",[17],6059.0
23818,1,[],[51],8191.0
23820,4,"[9, 11, 23]",[9],7414.5
23828,3,[52],"[60, 62]",7318.0
23834,1,[35],[],8174.0
23839,1,[8],[],8191.0
23845,1,[10],[],8169.0
23855,0,[],[],0
23858,1,[13],[],8129.0
23865,6,[0],"[6, 9, 10, 48, 58]",8042.666666666667
23882,1,[],[51],7693.0
23903,1,[52],[],6874.0
23905,1,[],[37],7043.0
23907,2,[1],[5],6953.0
23915,2,[9],[18],8191.0
23916,3,"[11, 12]",[19],7383.666666666667
23930,0,[],[],0
